structure_id,structure_acronym,structure_name,total_sample_count,number_of_donors
4288,Pu,"putamen, left",48,6
4023,SFG-m,"superior frontal gyrus, left, medial bank of gyrus",43,6
4143,MTG-i,"middle temporal gyrus, left, inferior bank of gyrus",41,6
4024,SFG-l,"superior frontal gyrus, left, lateral bank of gyrus",40,6
4142,MTG-s,"middle temporal gyrus, left, superior bank of gyrus",36,6
4224,CgGf-i,"cingulate gyrus, frontal part, left, inferior bank of gyrus",35,6
9492,Pn,"pontine nuclei, left",35,6
9677,Sp5,"spinal trigeminal nucleus, left",35,6
4322,Cl,"claustrum, left",33,6
4149,ITG-its,"inferior temporal gyrus, left, bank of the its",33,6
4030,MFG-s,"middle frontal gyrus, left, superior bank of gyrus",33,6
4223,CgGf-s,"cingulate gyrus, frontal part, left, superior bank of gyrus",31,6
4151,ITG-mts,"inferior temporal gyrus, left, bank of mts",30,6
4031,MFG-i,"middle frontal gyrus, left, inferior bank of gyrus",30,6
4193,LiG-pest,"lingual gyrus, left, peristriate",29,6
4136,STG-i,"superior temporal gyrus, left, inferior bank of gyrus",28,6
4135,STG-l,"superior temporal gyrus, left, lateral bank of gyrus",27,6
4244,PHG-l,"parahippocampal gyrus, left, lateral bank of gyrus",26,6
4282,BCd,"body of caudate nucleus, left",25,6
4194,LiG-str,"lingual gyrus, left, striate",25,6
4251,S,"subiculum, left",25,6
4254,CA1,"CA1 field, left",24,6
4150,ITG-l,"inferior temporal gyrus, left, lateral bank of gyrus",24,6
4099,SPL-i,"superior parietal lobule, left, inferior bank of gyrus",23,6
4280,HCd,"head of caudate nucleus, left",22,6
4121,Pcu-i,"precuneus, left, inferior lateral bank of gyrus",22,6
4256,CA3,"CA3 field, left",21,6
4258,DG,"dentate gyrus, left",21,6
9561,IO,"inferior olivary complex, left",21,6
4051,MOrG,"medial orbital gyrus, left",21,6
4088,PoG-sl,"postcentral gyrus, left, superior lateral aspect of gyrus",21,6
9074,SNC,"substantia nigra, pars compacta, left",21,6
4257,CA4,"CA4 field, left",20,6
4158,FuG-its,"fusiform gyrus, left, bank of the its",20,6
4048,GRe,"gyrus rectus, left",20,6
4417,DTLv,"lateral group of nuclei, left, ventral division",20,6
4245,PHG-cos,"parahippocampal gyrus, left, bank of the cos",20,6
4120,Pcu-s,"precuneus, left, superior lateral bank of gyrus",20,6
4255,CA2,"CA2 field, left",19,6
4739,He-Crus I,"Crus I, left, lateral hemisphere",19,6
4395,DTA,"anterior group of nuclei, left",19,6
4186,Cun-pest,"cuneus, left, peristriate",19,6
4160,FuG-cos,"fusiform gyrus, left, bank of cos",19,6
9598,GiRt,"gigantocellular group, left",19,6
4033,MFG-s,"middle frontal gyrus, right, superior bank of gyrus",19,2
4013,PrG-sl,"precentral gyrus, left, superior lateral aspect of gyrus",19,6
4098,SPL-s,"superior parietal lobule, left, superior bank of gyrus",19,6
4114,AnG-i,"angular gyrus, left, inferior bank of gyrus",18,6
9520,Arc,"arcuate nucleus of medulla, left",18,6
9004,CGMB,"central gray substance of midbrain, left",18,5
4230,CgGp-s,"cingulate gyrus, parietal part, left, superior bank of gyrus",18,6
4159,FuG-l,"fusiform gyrus, left, lateral bank of gyrus",18,5
4045,orIFG,"inferior frontal gyrus, orbital part, left",18,6
4400,DTM,"medial group of nuclei, left",18,6
4178,PLP,"planum polare, left",18,6
4087,PoG-cs,"postcentral gyrus, left, bank of the central sulcus",18,6
4014,PrG-il,"precentral gyrus, left, inferior lateral aspect of gyrus",18,6
9698,8Ve,"vestibular nuclei, left",18,6
4740,He-Crus II,"Crus II, left, lateral hemisphere",17,6
4113,AnG-s,"angular gyrus, left, superior bank of gyrus",17,6
4231,CgGp-i,"cingulate gyrus, parietal part, left, inferior bank of gyrus",17,5
4270,LIG,"long insular gyri, left",17,6
4146,MTG-i,"middle temporal gyrus, right, inferior bank of gyrus",17,2
4200,OTG-s,"occipito-temporal gyrus, left, superior bank of gyrus",17,6
4107,SMG-i,"supramarginal gyrus, left, inferior bank of gyrus",17,6
9543,Cu,"cuneate nucleus, left",16,6
4187,Cun-str,"cuneus, left, striate",16,6
4145,MTG-s,"middle temporal gyrus, right, superior bank of gyrus",16,2
9161,PRF,"pontine reticular formation, left",16,6
9642,RaM,raphe nuclei of medulla,16,6
4273,SIG,"short insular gyri, left",16,6
9075,SNR,"substantia nigra, pars reticulata, left",16,6
4026,SFG-m,"superior frontal gyrus, right, medial bank of gyrus",16,2
4106,SMG-s,"supramarginal gyrus, left, superior bank of gyrus",16,6
4738,He-VI,"VI, left, lateral hemisphere",15,6
4741,He-VIIB,"VIIB, left, lateral hemisphere",15,6
4295,GPe,"globus pallidus, external segment, left",15,5
4039,trIFG,"inferior frontal gyrus, triangular part, left",15,6
4208,IOG-i,"inferior occipital gyrus, left, inferior bank of gyrus",15,5
4153,ITG-its,"inferior temporal gyrus, right, bank of the its",15,2
4060,LOrG,"lateral orbital gyrus, left",15,6
4034,MFG-i,"middle frontal gyrus, right, inferior bank of gyrus",15,2
4506,R,"reticular nucleus of thalamus, left",15,6
4432,ILr,"rostral group of intralaminar nuclei, left",15,6
4027,SFG-l,"superior frontal gyrus, right, lateral bank of gyrus",15,2
4281,TCd,"tail of caudate nucleus, left",15,6
4323,Cl,"claustrum, right",14,2
4201,OTG-i,"occipito-temporal gyrus, left, inferior bank of gyrus",14,6
4073,PCLa-s,"paracentral lobule, anterior part, left, superior bank of gyrus",14,5
4015,PrG-cs,"precentral gyrus, left, bank of the central sulcus",14,5
4289,Pu,"putamen, right",14,2
4742,He-VIIIA,"VIIIA, left, lateral hemisphere",13,5
9222,cc,corpus callosum,13,6
4782,Dt,"dentate nucleus, left",13,6
4440,LGd,"dorsal lateral geniculate nucleus, left",13,6
4079,fro,"frontal operculum, left",13,6
4207,IOG-s,"inferior occipital gyrus, left, superior bank of gyrus",13,5
4409,DTLd,"lateral group of nuclei, left, dorsal division",13,6
4472,DTLv,"lateral group of nuclei, right, ventral division",13,2
9614,LMRt,"lateral medullary reticular group, left",13,6
4291,Acb,"nucleus accumbens, left",13,6
9493,Pn,"pontine nuclei, right",13,2
4089,PoG-il,"postcentral gyrus, left, inferior lateral aspect of gyrus",13,5
4214,SOG-s,"superior occipital gyrus, left, superior bank of gyrus",13,6
9067,VTA,"ventral tegmental area, left",13,6
4263,CA1,"CA1 field, right",12,2
4155,ITG-mts,"inferior temporal gyrus, right, bank of mts",12,2
4074,PCLa-i,"paracentral lobule, anterior part, left, inferior bank of gyrus",12,6
9684,Sp5,"spinal trigeminal nucleus, right",12,2
9178,SOC,"superior olivary complex, left",12,5
4723,PV-Crus I,"Crus I, left, paravermis",11,6
4166,HG,"Heschl's gyrus, left",11,6
4720,PV-V,"V, left, paravermis",11,6
4722,PV-VI,"VI, left, paravermis",11,6
4725,PV-VIIB,"VIIB, left, paravermis",11,6
4286,BCd,"body of caudate nucleus, right",11,2
4226,CgGf-s,"cingulate gyrus, frontal part, right, superior bank of gyrus",11,2
9143,7,"facial motor nucleus, left",11,5
4296,GPi,"globus pallidus, internal segment, left",11,6
4154,ITG-l,"inferior temporal gyrus, right, lateral bank of gyrus",11,2
4379,LA,"lateral nucleus, left",11,6
4012,PrG-prc,"precentral gyrus, left, bank of the precentral sulcus",11,6
9054,RN,"red nucleus, left",11,6
4518,Sb,"subthalamic nucleus, left",11,6
4215,SOG-i,"superior occipital gyrus, left, inferior bank of gyrus",11,5
4266,CA4,"CA4 field, right",10,2
4736,He-V,"V, left, lateral hemisphere",10,4
4342,BLA,"basolateral nucleus, left",10,6
9546,10,"dorsal motor nucleus of the vagus, left",10,4
4049,GRe,"gyrus rectus, right",10,2
4284,HCd,"head of caudate nucleus, right",10,2
4090,PoG-pcs,"postcentral gyrus, left, bank of the posterior central sulcus",10,5
4301,SptN,"septal nuclei, left",10,5
4139,STG-i,"superior temporal gyrus, right, inferior bank of gyrus",10,2
4507,ZI,"zona incerta, left",10,6
4264,CA2,"CA2 field, right",9,2
4265,CA3,"CA3 field, right",9,2
4724,PV-Crus II,"Crus II, left, paravermis",9,5
4701,Ve-III,III,9,4
4719,PV-IV,"IV, left, paravermis",9,5
4728,PV-IX,"IX, left, paravermis",9,5
4726,PV-VIIIA,"VIIIA, left, paravermis",9,5
4450,DTA,"anterior group of nuclei, right",9,2
4308,nbM,"basal nucleus of meynert, left",9,4
4351,BMA,"basomedial nucleus, left",9,6
9525,CGS,central glial substance,9,4
9589,CMRt,"central medullary reticular group, left",9,4
4367,COMA,"cortico-medial group, left",9,6
4267,DG,"dentate gyrus, right",9,2
9558,12,"hypoglossal nucleus, left",9,4
4901,IRoG,"inferior rostral gyrus, left",9,5
9149,LC,"locus ceruleus, left",9,4
4444,MG,"medial geniculate complex, left",9,5
9152,MPB,"medial parabrachial nucleus, left",9,5
4172,PLT,"planum temporale, left",9,4
4093,PoG-sl,"postcentral gyrus, right, superior lateral aspect of gyrus",9,2
4260,S,"subiculum, right",9,2
4735,He-IV,"IV, left, lateral hemisphere",8,4
4703,Ve-V,V,8,4
4727,PV-VIIIB,"VIIIB, left, paravermis",8,5
9005,CGMB,"central gray substance of midbrain, right",8,2
4360,CeA,"central nucleus, left",8,6
4162,FuG-its,"fusiform gyrus, right, bank of the its",8,2
4298,GPe,"globus pallidus, external segment, right",8,2
4042,opIFG,"inferior frontal gyrus, opercular part, left",8,4
9565,IO,"inferior olivary complex, right",8,2
4197,LiG-str,"lingual gyrus, right, striate",8,2
4455,DTM,"medial group of nuclei, right",8,2
9206,Mo5,"motor nucleus of trigeminal nerve, left",8,5
9155,SubC,"nucleus subceruleus, left",8,5
9169,PRF,"pontine reticular formation, right",8,2
4092,PoG-cs,"postcentral gyrus, right, bank of the central sulcus",8,2
9078,SNR,"substantia nigra, pars reticulata, right",8,2
4285,TCd,"tail of caudate nucleus, right",8,2
4903,TP-s,"temporal pole, left, superior aspect",8,5
4169,TG,"transverse gyri, left",8,5
4718,PV-III,"III, left, paravermis",7,4
4702,Ve-IV,IV,7,4
4711,Ve-IX,IX,7,4
4705,Ve-VI,VI,7,4
4707,Ve-VIIAt,VIIAt,7,4
4708,Ve-VIIB,VIIB,7,4
4709,Ve-VIIIA,VIIIA,7,4
4710,Ve-VIIIB,VIIIB,7,4
4743,He-VIIIB,"VIIIB, left, lateral hemisphere",7,4
9137,6,"abducens nucleus, left",7,5
4329,ATZ,"amygdalohippocampal transition zone, left",7,6
4117,AnG-i,"angular gyrus, right, inferior bank of gyrus",7,2
4437,ILc,"caudal group of intralaminar nuclei, left",7,6
9529,8Co,"cochlear nuclei, left",7,5
9020,CnF,"cuneiform nucleus, left",7,4
9103,IC,"inferior colliculus, left",7,4
9619,LMRt,"lateral medullary reticular group, right",7,2
9146,LPB,"lateral parabrachial nucleus, left",7,5
4196,LiG-pest,"lingual gyrus, right, peristriate",7,2
9455,MBRa,midbrain raphe nuclei,7,2
4248,PHG-cos,"parahippocampal gyrus, right, bank of the cos",7,2
4573,PVH,"paraventricular nucleus of the hypothalamus, left",7,5
4069,PaOG,"parolfactory gyri, left",7,5
4094,PoG-il,"postcentral gyrus, right, inferior lateral aspect of gyrus",7,2
4679,PHA,"posterior hypothalamic area, left",7,6
4020,PrG-cs,"precentral gyrus, right, bank of the central sulcus",7,2
4512,R,"reticular nucleus of thalamus, right",7,2
4487,ILr,"rostral group of intralaminar nuclei, right",7,2
9077,SNC,"substantia nigra, pars compacta, right",7,2
4898,SRoG,"superior rostral gyrus, left",7,4
9703,8Ve,"vestibular nuclei, right",7,2
9521,Arc,"arcuate nucleus of medulla, right",6,2
9593,CMRt,"central medullary reticular group, right",6,2
4227,CgGf-i,"cingulate gyrus, frontal part, right, inferior bank of gyrus",6,2
4238,CgGr-i,"cingulate gyrus, retrosplenial part, left, inferior bank of gyrus",6,3
9544,Cu,"cuneate nucleus, right",6,2
9547,10,"dorsal motor nucleus of the vagus, right",6,2
4164,FuG-cos,"fusiform gyrus, right, bank of cos",6,2
9556,Gr,"gracile nucleus, right",6,2
9559,12,"hypoglossal nucleus, right",6,2
13005,LHM,"lateral hypothalamic area, mammillary region, left",6,6
4672,MM,"medial mammillary nucleus, left",6,4
4052,MOrG,"medial orbital gyrus, right",6,2
4076,PCLa-s,"paracentral lobule, anterior part, right, superior bank of gyrus",6,2
4428,DTP,"posterior group of nuclei, left",6,5
4542,PrOR,"preoptic region, left",6,6
9207,Pr5,"principal sensory nucleus of trigeminal nerve, left",6,4
4274,SIG,"short insular gyri, right",6,2
4063,SCG,"subcallosal cingulate gyrus, left",6,4
9022,SubCn,"subcuneiform nucleus, left",6,5
9115,SC,"superior colliculus, left",6,4
4101,SPL-s,"superior parietal lobule, right, superior bank of gyrus",6,2
4110,SMG-i,"supramarginal gyrus, right, inferior bank of gyrus",6,2
4593,SO,"supraoptic nucleus, left",6,5
4904,TP-i,"temporal pole, left, inferior aspect",6,4
4905,TP-m,"temporal pole, left, medial aspect",6,4
4637,VMH,"ventromedial hypothalamic nucleus, left",6,5
4773,He-Crus II,"Crus II, right, lateral hemisphere",5,2
4167,HG,"Heschl's gyrus, right",5,2
4700,Ve-I-II,I-II,5,3
4706,Ve-VIIAf,VIIAf,5,3
4713,Ve-X,X,5,3
4746,He-X,"X, left, lateral hemisphere",5,3
4116,AnG-s,"angular gyrus, right, superior bank of gyrus",5,2
4054,AOrG,"anterior orbital gyrus, left",5,3
4313,BST,"bed  nucleus of stria terminalis, left",5,4
9708,CPLV,choroid plexus of the lateral ventricle,5,3
4237,CgGr-s,"cingulate gyrus, retrosplenial part, left, superior bank of gyrus",5,3
4641,DMH,"dorsomedial hypothalamic nucleus, left",5,4
4163,FuG-l,"fusiform gyrus, right, lateral bank of gyrus",5,2
9604,GiRt,"gigantocellular group, right",5,2
4299,GPi,"globus pallidus, internal segment, right",5,2
4046,orIFG,"inferior frontal gyrus, orbital part, right",5,2
4902,IRoG,"inferior rostral gyrus, right",5,2
4464,DTLd,"lateral group of nuclei, right, dorsal division",5,2
4061,LOrG,"lateral orbital gyrus, right",5,2
4271,LIG,"long insular gyri, right",5,2
9456,MBRa,"midbrain raphe nuclei, left",5,3
4310,DBv,"nucleus of the diagonal band, left, horizontal division",5,4
4204,OTG-i,"occipito-temporal gyrus, right, inferior bank of gyrus",5,2
10145,OlfT,"olfactory tubercle, left",5,4
4077,PCLa-i,"paracentral lobule, anterior part, right, inferior bank of gyrus",5,2
4247,PHG-l,"parahippocampal gyrus, right, lateral bank of gyrus",5,2
4534,Pa,"paraventricular nuclei, left of thalamus, left",5,3
4648,PeF,"perifornical nucleus, left",5,4
9158,RPn,"pontine raphe nucleus, left",5,3
4057,POrG,"posterior orbital gyrus, left",5,3
4019,PrG-il,"precentral gyrus, right, inferior lateral aspect of gyrus",5,2
4018,PrG-sl,"precentral gyrus, right, superior lateral aspect of gyrus",5,2
4124,Pcu-i,"precuneus, right, inferior lateral bank of gyrus",5,2
4123,Pcu-s,"precuneus, right, superior lateral bank of gyrus",5,2
9057,RN,"red nucleus, right",5,2
4307,SI,"substantia innominata, left",5,2
9186,SOC,"superior olivary complex, right",5,2
4109,SMG-s,"supramarginal gyrus, right, superior bank of gyrus",5,2
4907,TP-i,"temporal pole, right, inferior aspect",5,2
4734,He-III,"III, left, lateral hemisphere",4,2
4744,He-IX,"IX, left, lateral hemisphere",4,2
4492,ILc,"caudal group of intralaminar nuclei, right",4,2
4234,CgGp-i,"cingulate gyrus, parietal part, right, inferior bank of gyrus",4,2
4787,Dt,"dentate nucleus, right",4,2
4495,LGd,"dorsal lateral geniculate nucleus, right",4,2
4080,fro,"frontal operculum, right",4,2
4891,FPi,"frontal pole, left, inferior aspect",4,1
4596,LHA,"lateral hypothalamic area, anterior region, left",4,4
13008,LHT,"lateral hypothalamic area, tuberal region, left",4,4
4675,LM,"lateral mammillary nucleus, left",4,4
10151,LTu,"lateral tuberal nucleus, left",4,4
9150,LC,"locus ceruleus, right",4,2
4292,Acb,"nucleus accumbens, right",4,2
4311,DBh,"nucleus of the diagonal band, left, vertical division",4,4
9156,SubC,"nucleus subceruleus, right",4,2
4203,OTG-s,"occipito-temporal gyrus, right, superior bank of gyrus",4,2
4537,Pa,"paraventricular nuclei, right of thalamus, right",4,2
9079,PTec,pretectal region,4,3
4304,SptN,"septal nuclei, right",4,2
4314,SI,"substantia innominata, right",4,2
4102,SPL-i,"superior parietal lobule, right, inferior bank of gyrus",4,2
4138,STG-l,"superior temporal gyrus, right, lateral bank of gyrus",4,1
4669,SuM,"supramammillary nucleus, left",4,4
4667,TM,"tuberomammillary nucleus, left",4,4
4772,He-Crus I,"Crus I, right, lateral hemisphere",3,2
4756,PV-Crus I,"Crus I, right, paravermis",3,2
4757,PV-Crus II,"Crus II, right, paravermis",3,2
4752,PV-IV,"IV, right, paravermis",3,2
4761,PV-IX,"IX, right, paravermis",3,2
4753,PV-V,"V, right, paravermis",3,2
4771,He-VI,"VI, right, lateral hemisphere",3,2
4755,PV-VI,"VI, right, paravermis",3,2
4758,PV-VIIB,"VIIB, right, paravermis",3,2
4759,PV-VIIIA,"VIIIA, right, paravermis",3,2
9138,6,"abducens nucleus, right",3,2
4644,ARH,"arcuate nucleus of the hypothalamus, left",3,3
4346,BLA,"basolateral nucleus, right",3,1
4355,BMA,"basomedial nucleus, right",3,1
10148,CGPo,"central gray of the pons, left",3,2
4233,CgGp-s,"cingulate gyrus, parietal part, right, superior bank of gyrus",3,2
4241,CgGr-i,"cingulate gyrus, retrosplenial part, right, inferior bank of gyrus",3,1
4190,Cun-str,"cuneus, right, striate",3,2
9144,7,"facial motor nucleus, right",3,2
4784,Fas,"fastigial nucleus, left",3,2
4890,FP-s,"frontal pole, left, superior aspect",3,2
4785,Glo,"globose nucleus, left",3,3
9555,Gr,"gracile nucleus, left",3,3
4043,opIFG,"inferior frontal gyrus, opercular part, right",3,2
4040,trIFG,"inferior frontal gyrus, triangular part, right",3,2
4211,IOG-i,"inferior occipital gyrus, right, inferior bank of gyrus",3,1
9153,MPB,"medial parabrachial nucleus,right",3,2
9031,3,"oculomotor nuclear complex, left",3,3
9039,3,"oculomotor nuclear complex, right",3,2
4597,PalHy,"pallidohypothalamic nucleus, left",3,3
10143,Pir,"piriform cortex, left",3,3
4179,PLP,"planum polare, right",3,2
4173,PLT,"planum temporale, right",3,2
4095,PoG-pcs,"postcentral gyrus, right, bank of the posterior central sulcus",3,2
4483,DTP,"posterior group of nuclei, right",3,2
4058,POrG,"posterior orbital gyrus, right",3,2
4017,PrG-prc,"precentral gyrus, right, bank of the precentral sulcus",3,2
9214,Pr5,"principal sensory nucleus of trigeminal nerve, right",3,2
9026,SubCn,"subcuneiform nucleus, right",3,2
4519,Sb,"subthalamic nucleus, right",3,2
4217,SOG-s,"superior occipital gyrus, right, superior bank of gyrus",3,2
4906,TP-s,"temporal pole, right, superior aspect",3,2
4170,TG,"transverse gyri, right",3,2
9064,4,"trochlear nucleus, left",3,2
9065,4,"trochlear nucleus, right",3,2
9068,VTA,"ventral tegmental area, right",3,2
9450,EW,"Edinger-Westphal nucleus, left",2,2
4774,He-VIIB,"VIIB, right, lateral hemisphere",2,2
4775,He-VIIIA,"VIIIA, right, lateral hemisphere",2,1
4760,PV-VIIIB,"VIIIB, right, paravermis",2,2
4730,PV-X,"X, left, paravermis",2,1
4335,ATZ,"amygdalohippocampal transition zone, right",2,1
4598,AHA,"anterior hypothalamic area, left",2,2
4371,COMA,"cortico-medial group, right",2,1
9024,CnF,"cuneiform nucleus, right",2,1
4189,Cun-pest,"cuneus, right, peristriate",2,2
4783,Emb,"emboliform nucleus, left",2,2
4788,Emb,"emboliform nucleus, right",2,2
4789,Fas,"fastigial nucleus, right",2,2
4894,FP-s,"frontal pole, right, superior aspect",2,1
4790,Glo,"globose nucleus, right",2,2
9016,ICjl,"interstitial nucleus of Cajal, left",2,2
4524,Hl,"lateral habenular nucleus, left",2,2
13006,LHM,"lateral hypothalamic area, mammillary region, right",2,2
4382,LA,"lateral nucleus, right",2,1
9147,LPB,"lateral parabrachial nucleus, right",2,1
4499,MG,"medial geniculate complex, right",2,1
9019,MBRF,"midbrain reticular formation, left",2,1
9023,MBRF,"midbrain reticular formation, right",2,1
9213,Mo5,"motor nucleus of trigeminal nerve, right",2,2
9048,Dk,"nucleus of Darkschewitsch, left",2,2
4072,PCLa,"paracentral lobule, anterior part, left",2,2
4128,PCLp-cs,"paracentral lobule, posterior part, left, bank of cingulate sulcus",2,1
4130,PCLp-l,"paracentral lobule, posterior part, right, lateral bank of gyrus",2,1
4604,PVH,"paraventricular nucleus of the hypothalamus, right",2,1
9157,RPn,pontine raphe nucleus,2,2
4693,PHA,"posterior hypothalamic area, right",2,2
4556,PrOR,"preoptic region, right",2,2
4064,SCG,"subcallosal cingulate gyrus, right",2,2
4899,SRoG,"superior rostral gyrus, right",2,2
4624,SO,"supraoptic nucleus, right",2,2
4908,TP-m,"temporal pole, right, medial aspect",2,2
4513,ZI,"zona incerta, right",2,2
9451,EW,"Edinger-Westphal nucleus, right",1,1
4751,PV-III,"III, right, paravermis",1,1
4629,AHA,"anterior hypothalamic area, right",1,1
4055,AOrG,"anterior orbital gyrus, right",1,1
4659,ARH,"arcuate nucleus of the hypothalamus, right",1,1
10149,CGPo,"central gray of the pons, right",1,1
4363,CeA,"central nucleus, right",1,1
4240,CgGr-s,"cingulate gyrus, retrosplenial part, right, superior bank of gyrus",1,1
9241,cgb,"cingulum bundle, left",1,1
9242,cgb,"cingulum bundle, right",1,1
9534,8Co,"cochlear nuclei, right",1,1
4892,FPm,"frontal pole, left, medial aspect",1,1
4895,FPi,"frontal pole, right, inferior aspect",1,1
4896,FPm,"frontal pole, right, medial aspect",1,1
4210,IOG-s,"inferior occipital gyrus, right, superior bank of gyrus",1,1
9017,ICjl,"interstitial nucleus of Cajal, right",1,1
4529,Hl,"lateral habenular nucleus, right",1,1
4627,LHA,"lateral hypothalamic area, anterior region, right",1,1
4671,MB,"mammillary body, left",1,1
4685,MB,"mammillary body, right",1,1
4523,Hm,"medial habenular nucleus, left",1,1
4528,Hm,"medial habenular nucleus, right",1,1
4910,OPi,"occipital pole, left, inferior aspect",1,1
4911,OPl,"occipital pole, left, lateral aspect",1,1
4909,OPs,"occipital pole, left, superior aspect",1,1
4127,PCLp-l,"paracentral lobule, posterior part, left, lateral bank of gyrus",1,1
4131,PCLp-cs,"paracentral lobule, posterior part, right, bank of cingulate sulcus",1,1
4067,PTG,"paraterminal gyrus, right",1,1
4070,PaOG,"parolfactory gyri, right",1,1
4532,PIN,pineal gland,1,1
9123,SC,"superior colliculus, right",1,1
4022,SFG,"superior frontal gyrus, left",1,1
4218,SOG-i,"superior occipital gyrus, right, inferior bank of gyrus",1,1
4652,VMH,"ventromedial hypothalamic nucleus, right",1,1
