structure_id,structure_acronym,structure_name,number_of_donors,coordinate_donor_count,mni_x,mni_y,mni_z,parkinsons_expression_score,enrichment_z_score,empirical_p_value,fdr_q_value,significant_fdr_0_05
4507,ZI,"zona incerta, left",6,6,-13.225,-14.275,-0.1166666666666667,0.77400917,-1.9332914,0.971002899710029,0.9922007799220078,False
4437,ILc,"caudal group of intralaminar nuclei, left",6,6,-11.766666666666666,-21.516666666666666,4.55,0.7228974,0.92445254,0.1781821817818218,0.6152328163410075,False
4518,Sb,"subthalamic nucleus, left",6,6,-14.6,-15.77222222222222,-2.7138888888888886,0.6913254,-0.570629,0.7216278372162783,0.9922007799220078,False
9178,SOC,"superior olivary complex, left",5,5,-3.9633333333333334,-35.343333333333334,-41.21,0.55795777,-0.68749803,0.7550244975502449,0.9922007799220078,False
9543,Cu,"cuneate nucleus, left",6,6,-3.608333333333333,-43.78888888888889,-56.82916666666667,0.5079094,-0.9366242,0.8282171782821718,0.9922007799220078,False
4506,R,"reticular nucleus of thalamus, left",6,6,-21.83888888888889,-19.916666666666668,10.988888888888889,0.49288937,-1.8807558,0.9691030896910308,0.9922007799220078,False
9698,8Ve,"vestibular nuclei, left",6,6,-3.863888888888889,-43.00972222222222,-47.270833333333336,0.48700082,-0.8096015,0.7937206279372063,0.9922007799220078,False
9589,CMRt,"central medullary reticular group, left",4,4,-3.908333333333333,-41.625,-58.44166666666666,0.48538342,-2.2652955,0.9888011198880112,0.9922007799220078,False
9525,CGS,central glial substance,4,4,-0.55,-43.45625,-61.55625,0.46273527,-0.79318094,0.781921807819218,0.9922007799220078,False
4417,DTLv,"lateral group of nuclei, left, ventral division",6,6,-17.755,-20.15111111111111,7.930555555555556,0.44032392,0.5190483,0.3030696930306969,0.7025107615820697,False
9075,SNR,"substantia nigra, pars reticulata, left",6,6,-10.033333333333333,-19.572222222222223,-15.238888888888889,0.4211469,-0.94655186,0.8297170282971703,0.9922007799220078,False
4322,Cl,"claustrum, left",6,6,-33.94712301587302,-6.061805555555556,-1.6015873015873014,0.41397446,1.4769756,0.0687931206879312,0.3649468386494684,False
4295,GPe,"globus pallidus, external segment, left",5,5,-22.058666666666667,-6.138666666666667,1.2386666666666666,0.4049554,-2.440451,0.9922007799220078,0.9922007799220078,False
9598,GiRt,"gigantocellular group, left",6,6,-1.7652777777777777,-39.69722222222222,-50.769444444444446,0.3949629,-0.8709717,0.8048195180481952,0.9922007799220078,False
9054,RN,"red nucleus, left",6,6,-6.5055555555555555,-20.044444444444444,-8.866666666666667,0.3887707,-0.71513295,0.7624237576242375,0.9922007799220078,False
4296,GPi,"globus pallidus, internal segment, left",6,6,-18.141666666666666,-5.7250000000000005,-0.2416666666666667,0.33259723,-2.345526,0.9908009199080092,0.9922007799220078,False
4257,CA4,"CA4 field, left",6,6,-27.425833333333333,-29.579444444444444,-5.845277777777778,0.2886205,2.582036,0.005999400059994,0.2378762123787621,False
4440,LGd,"dorsal lateral geniculate nucleus, left",6,6,-29.65833333333333,-27.794444444444448,-4.316666666666666,0.26594427,2.2959507,0.0114988501149885,0.2378762123787621,False
9207,Pr5,"principal sensory nucleus of trigeminal nerve, left",4,4,-4.75,-39.2,-38.575,0.26349247,0.42852917,0.3304669533046695,0.7114759112324062,False
9561,IO,"inferior olivary complex, left",6,6,-2.7597222222222224,-36.40277777777778,-53.81805555555555,0.26178274,1.050228,0.1465853414658534,0.5733426657334266,False
9137,6,"abducens nucleus, left",5,5,-3.02,-42.0,-43.06,0.25349003,-0.34308982,0.6375362463753624,0.9894968130305613,False
4313,BST,"bed  nucleus of stria terminalis, left",4,4,-6.625,5.0,2.625,0.24107356,0.74904215,0.2257774222577742,0.6740809789988743,False
9206,Mo5,"motor nucleus of trigeminal nerve, left",5,5,-4.720000000000001,-39.22,-38.839999999999996,0.24071059,0.050926823,0.4812518748125187,0.8719712187197123,False
9677,Sp5,"spinal trigeminal nucleus, left",6,6,-4.1873611111111115,-41.59361111111111,-53.18222222222223,0.2388567,0.091951974,0.4582541745825417,0.8386051394860513,False
9614,LMRt,"lateral medullary reticular group, left",6,6,-4.283333333333334,-39.047222222222224,-56.90833333333333,0.23191805,-0.066050775,0.5222477752224778,0.901616442129372,False
9074,SNC,"substantia nigra, pars compacta, left",6,6,-9.056944444444445,-20.927777777777777,-15.051388888888889,0.22623326,1.7150762,0.0422957704229577,0.297697153361587,False
9529,8Co,"cochlear nuclei, left",5,5,-5.930000000000001,-41.22,-49.989999999999995,0.18995838,0.5111552,0.3020697930206979,0.7025107615820697,False
4782,Dt,"dentate nucleus, left",6,6,-9.966666666666667,-58.175000000000004,-28.777777777777775,0.18522592,0.2990446,0.3773622637736226,0.7416598765655349,False
4409,DTLd,"lateral group of nuclei, left, dorsal division",6,6,-19.02777777777778,-27.833333333333332,7.73888888888889,0.18183236,1.7633417,0.0400959904009599,0.2935026497350264,False
4444,MG,"medial geniculate complex, left",5,5,-21.419999999999998,-27.32,-3.9799999999999995,0.17259684,1.8447528,0.033996600339966,0.2935026497350264,False
9143,7,"facial motor nucleus, left",5,5,-3.4200000000000004,-39.11666666666667,-45.306666666666665,0.17065579,-0.43170503,0.6699330066993301,0.9922007799220078,False
13008,LHT,"lateral hypothalamic area, tuberal region, left",4,4,-11.25,-2.75,-6.0,0.16969793,0.742624,0.2283771622837716,0.6740809789988743,False
9558,12,"hypoglossal nucleus, left",4,4,-0.7916666666666667,-43.71666666666667,-55.38333333333333,0.16785596,0.021523682,0.487951204879512,0.8754418675779482,False
4379,LA,"lateral nucleus, left",6,6,-26.420833333333334,-6.45,-20.845833333333335,0.1488319,2.3210144,0.0113988601139886,0.2378762123787621,False
4244,PHG-l,"parahippocampal gyrus, left, lateral bank of gyrus",6,6,-18.591269841269842,-18.151190476190475,-24.648015873015876,0.14622465,1.5279665,0.064993500649935,0.3649468386494684,False
9067,VTA,"ventral tegmental area, left",6,6,-3.397222222222222,-25.233333333333334,-17.688888888888886,0.13311832,-0.015156128,0.5082491750824918,0.8858057051437714,False
9155,SubC,"nucleus subceruleus, left",5,5,-4.029999999999999,-39.75,-40.15,0.12919992,-0.41868535,0.6652334766523348,0.9922007799220078,False
4106,SMG-s,"supramarginal gyrus, left, superior bank of gyrus",6,6,-53.225,-36.208333333333336,44.64722222222222,0.12491011,0.98102194,0.164983501649835,0.5806150154215348,False
9161,PRF,"pontine reticular formation, left",6,6,-2.1,-34.63888888888889,-34.10833333333333,0.110703975,-0.55155987,0.708029197080292,0.9922007799220078,False
4308,nbM,"basal nucleus of meynert, left",4,4,-23.4375,-1.75,-8.4375,0.10374065,0.457078,0.3238676132386761,0.7055687288414015,False
4898,SRoG,"superior rostral gyrus, left",4,4,-5.675,49.733333333333334,-7.375,0.10105941,1.9771762,0.0243975602439756,0.2935026497350264,False
4160,FuG-cos,"fusiform gyrus, left, bank of cos",6,6,-31.75277777777778,-20.540277777777778,-26.02916666666667,0.100490496,2.195188,0.0131986801319868,0.2378762123787621,False
4400,DTM,"medial group of nuclei, left",6,6,-5.519166666666667,-15.771666666666667,8.448611111111111,0.09845882,1.887631,0.0313968603139686,0.2935026497350264,False
9020,CnF,"cuneiform nucleus, left",4,4,-2.125,-38.35,-17.6,0.09843013,0.76457024,0.2245775422457754,0.6740809789988743,False
9004,CGMB,"central gray substance of midbrain, left",5,5,-4.341666666666667,-32.515,-10.021666666666667,0.084259436,0.8582746,0.1998800119988001,0.6640064807078614,False
9152,MPB,"medial parabrachial nucleus, left",5,5,-4.546666666666667,-39.239999999999995,-32.88,0.07841472,-0.09669123,0.5387461253874612,0.902432484024325,False
4273,SIG,"short insular gyri, left",6,6,-36.23888888888889,10.997222222222222,3.6444444444444444,0.07501522,2.450758,0.0072992700729927,0.2378762123787621,False
4342,BLA,"basolateral nucleus, left",6,6,-24.016666666666666,-6.966666666666666,-16.933333333333334,0.067029774,1.4645216,0.0711928807119288,0.3649468386494684,False
4088,PoG-sl,"postcentral gyrus, left, superior lateral aspect of gyrus",6,6,-44.82083333333333,-21.20277777777778,60.45416666666667,0.060873616,-0.9742779,0.8313168683131686,0.9922007799220078,False
4395,DTA,"anterior group of nuclei, left",6,6,-7.058333333333334,-13.445833333333333,16.206944444444446,0.06058074,1.7867594,0.037996200379962,0.2935026497350264,False
4113,AnG-s,"angular gyrus, left, superior bank of gyrus",6,6,-33.047222222222224,-67.30833333333334,47.580555555555556,0.057627067,-0.23094732,0.5912408759124088,0.9500602571321816,False
4114,AnG-i,"angular gyrus, left, inferior bank of gyrus",6,6,-42.22777777777778,-70.01388888888889,33.78611111111111,0.056639288,1.2634941,0.1023897610238976,0.4684331566843316,False
4089,PoG-il,"postcentral gyrus, left, inferior lateral aspect of gyrus",5,5,-52.90666666666667,-22.403333333333332,41.66666666666667,0.054325677,-1.3312474,0.9109089091090892,0.9922007799220078,False
4224,CgGf-i,"cingulate gyrus, frontal part, left, inferior bank of gyrus",6,6,-3.3484126984126985,21.412698412698415,17.026190476190475,0.048435878,0.467976,0.318968103189681,0.7055687288414015,False
4023,SFG-m,"superior frontal gyrus, left, medial bank of gyrus",6,6,-4.338492063492064,28.532566137566135,47.108862433862434,0.04595051,1.6243428,0.0544945505449455,0.343879405162932,False
4223,CgGf-s,"cingulate gyrus, frontal part, left, superior bank of gyrus",6,6,-6.2434126984126985,15.988015873015874,33.07222222222222,0.045934167,1.8595108,0.0333966603339666,0.2935026497350264,False
4098,SPL-s,"superior parietal lobule, left, superior bank of gyrus",6,6,-19.36111111111111,-59.29722222222222,65.16944444444444,0.045453206,-0.08956571,0.5355464453554645,0.902432484024325,False
4045,orIFG,"inferior frontal gyrus, orbital part, left",6,6,-43.35833333333333,38.84444444444444,-7.536111111111111,0.044691797,0.8025672,0.2062793720627937,0.6640064807078614,False
4142,MTG-s,"middle temporal gyrus, left, superior bank of gyrus",6,6,-57.54722222222222,-30.003282828282824,-3.5656565656565657,0.04338573,0.982474,0.1648835116488351,0.5806150154215348,False
4905,TP-m,"temporal pole, left, medial aspect",4,4,-24.0875,12.925,-37.6375,0.038309153,0.537135,0.2924707529247075,0.7025107615820697,False
9642,RaM,raphe nuclei of medulla,6,6,-0.4291666666666667,-39.887499999999996,-50.675000000000004,0.03822774,-0.33777156,0.6298370162983702,0.9894968130305613,False
4135,STG-l,"superior temporal gyrus, left, lateral bank of gyrus",6,6,-65.73333333333333,-16.22361111111111,5.963888888888889,0.033331815,0.81900346,0.2060793920607939,0.6640064807078614,False
4904,TP-i,"temporal pole, left, inferior aspect",4,4,-38.4,12.75,-39.725,0.029311256,1.6908876,0.0447955204479552,0.2979987715514163,False
9492,Pn,"pontine nuclei, left",6,6,-3.9636904761904765,-25.265833333333333,-37.422222222222224,0.027815772,0.29298446,0.3890610938906109,0.7494545282313874,False
4256,CA3,"CA3 field, left",6,6,-27.22083333333333,-28.74722222222222,-5.671944444444445,0.026487561,1.7891189,0.0365963403659634,0.2935026497350264,False
9022,SubCn,"subcuneiform nucleus, left",5,5,-7.24,-33.56,-16.89,0.02646687,-1.9934751,0.978002199780022,0.9922007799220078,False
4099,SPL-i,"superior parietal lobule, left, inferior bank of gyrus",6,6,-29.266666666666666,-61.25416666666666,47.62083333333334,0.023652552,0.99605155,0.1610838916108389,0.5806150154215348,False
4169,TG,"transverse gyri, left",5,5,-54.879999999999995,-21.7,10.16,0.023391832,0.18818651,0.4290570942905709,0.8178900859914008,False
4120,Pcu-s,"precuneus, left, superior lateral bank of gyrus",6,6,-5.76111111111111,-56.43611111111111,56.24722222222223,0.02258037,0.8053032,0.2125787421257874,0.6640064807078614,False
9546,10,"dorsal motor nucleus of the vagus, left",4,4,-1.3583333333333334,-45.05833333333334,-55.78333333333333,0.021851134,1.0660224,0.1447855214478552,0.5733426657334266,False
4149,ITG-its,"inferior temporal gyrus, left, bank of the its",6,6,-45.56142857142857,-31.80119047619048,-23.740357142857146,0.021794908,1.8086034,0.0338966103389661,0.2935026497350264,False
4159,FuG-l,"fusiform gyrus, left, lateral bank of gyrus",5,5,-34.33833333333333,-22.748333333333335,-32.404999999999994,0.01922078,1.7522513,0.0385961403859614,0.2935026497350264,False
4143,MTG-i,"middle temporal gyrus, left, inferior bank of gyrus",6,6,-56.71253968253968,-33.67428571428571,-12.097301587301587,0.015272307,0.7919776,0.2140785921407859,0.6640064807078614,False
4013,PrG-sl,"precentral gyrus, left, superior lateral aspect of gyrus",6,6,-37.00555555555555,-6.5872222222222225,57.18888888888889,0.015036281,-0.11967114,0.541945805419458,0.902432484024325,False
4193,LiG-pest,"lingual gyrus, left, peristriate",6,6,-17.474444444444444,-69.83888888888889,-7.411111111111111,0.01442835,-1.177824,0.8808119188081192,0.9922007799220078,False
4012,PrG-prc,"precentral gyrus, left, bank of the precentral sulcus",6,6,-36.550000000000004,-0.9972222222222222,45.355555555555554,0.010850679,1.0159338,0.1587841215878412,0.5806150154215348,False
4107,SMG-i,"supramarginal gyrus, left, inferior bank of gyrus",6,6,-60.800000000000004,-38.56944444444445,27.683333333333334,0.009501418,-0.34729275,0.6372362763723628,0.9894968130305613,False
4069,PaOG,"parolfactory gyri, left",5,5,-6.75,18.52,-16.16,0.009378477,0.369141,0.3577642235776422,0.7298936772989368,False
4428,DTP,"posterior group of nuclei, left",5,5,-18.259999999999998,-28.160000000000004,1.48,0.0046378565,2.905266,0.0018998100189981,0.1738326167383261,False
4042,opIFG,"inferior frontal gyrus, opercular part, left",4,4,-52.2875,20.46666666666667,21.883333333333333,0.004429987,-0.14738634,0.5572442755724427,0.9187000218897028,False
4301,SptN,"septal nuclei, left",5,5,-3.34,1.6800000000000002,8.793333333333333,0.003706614,-0.23489061,0.5918408159184082,0.9500602571321816,False
4178,PLP,"planum polare, left",6,6,-49.444444444444436,-0.6583333333333332,-6.2250000000000005,0.0034504945,0.62372035,0.2651734826517348,0.6940597606905976,False
4158,FuG-its,"fusiform gyrus, left, bank of the its",6,6,-43.41111111111112,-25.208333333333332,-28.208333333333332,0.0027318934,2.004238,0.0202979702029797,0.2666304798091619,False
4063,SCG,"subcallosal cingulate gyrus, left",4,4,-4.5125,24.675,-10.65,-0.0013678138,-0.7528575,0.7755224477552245,0.9922007799220078,False
4351,BMA,"basomedial nucleus, left",6,6,-23.150000000000002,-6.866666666666667,-13.424999999999999,-0.008487754,2.040101,0.0203979602039796,0.2666304798091619,False
4596,LHA,"lateral hypothalamic area, anterior region, left",4,4,-7.875,0.7250000000000001,-5.825,-0.008621394,-0.7427178,0.7683231676832317,0.9922007799220078,False
4073,PCLa-s,"paracentral lobule, anterior part, left, superior bank of gyrus",5,5,-2.7350000000000003,-21.64,67.36,-0.008964982,-0.66496146,0.7434256574342566,0.9922007799220078,False
4151,ITG-mts,"inferior temporal gyrus, left, bank of mts",6,6,-56.225132275132275,-28.86269841269841,-20.915079365079364,-0.009285551,1.5019978,0.0675932406759324,0.3649468386494684,False
4015,PrG-cs,"precentral gyrus, left, bank of the central sulcus",5,5,-32.65333333333333,-17.806666666666665,53.404999999999994,-0.01012255,-0.68881404,0.7509249075092491,0.9922007799220078,False
4201,OTG-i,"occipito-temporal gyrus, left, inferior bank of gyrus",6,6,-42.297222222222224,-62.65555555555556,-16.083333333333332,-0.011594863,0.46793982,0.321967803219678,0.7055687288414015,False
4215,SOG-i,"superior occipital gyrus, left, inferior bank of gyrus",5,5,-37.92,-83.37666666666667,9.336666666666668,-0.01322728,-0.10440723,0.5424457554244576,0.902432484024325,False
4172,PLT,"planum temporale, left",4,4,-56.775,-31.45,16.058333333333334,-0.014330626,0.6651697,0.2548745125487451,0.6940597606905976,False
4208,IOG-i,"inferior occipital gyrus, left, inferior bank of gyrus",5,5,-42.690000000000005,-81.3,-7.546666666666667,-0.014953547,0.13525847,0.4406559344065593,0.8241645223232777,False
4231,CgGp-i,"cingulate gyrus, parietal part, left, inferior bank of gyrus",5,5,-5.096666666666667,-32.769999999999996,24.033333333333335,-0.01787768,-0.6218182,0.7362263773622638,0.9922007799220078,False
4230,CgGp-s,"cingulate gyrus, parietal part, left, superior bank of gyrus",6,6,-6.552777777777777,-32.025,38.78611111111111,-0.028736679,0.007785356,0.4970502949705029,0.8831087765009907,False
4090,PoG-pcs,"postcentral gyrus, left, bank of the posterior central sulcus",5,5,-46.81333333333333,-30.53666666666667,44.763333333333335,-0.0313423,0.7044275,0.2390760923907609,0.6940597606905976,False
4288,Pu,"putamen, left",6,6,-27.371753246753247,-4.20116341991342,3.650847763347764,-0.034138218,-1.9498647,0.9733026697330268,0.9922007799220078,False
4258,DG,"dentate gyrus, left",6,6,-26.923333333333332,-28.236666666666665,-7.590000000000001,-0.039869443,1.4942734,0.0702929707029297,0.3649468386494684,False
4245,PHG-cos,"parahippocampal gyrus, left, bank of the cos",6,6,-28.540000000000003,-20.255,-23.641666666666666,-0.040387183,2.2346869,0.0122987701229877,0.2378762123787621,False
4214,SOG-s,"superior occipital gyrus, left, superior bank of gyrus",6,6,-32.49444444444445,-83.72222222222223,24.53611111111111,-0.0420787,0.14190622,0.4413558644135586,0.8241645223232777,False
4669,SuM,"supramammillary nucleus, left",4,4,-6.0,-4.75,-9.0,-0.04660565,1.2185038,0.1162883711628837,0.5066850457811362,False
4207,IOG-s,"inferior occipital gyrus, left, superior bank of gyrus",5,5,-48.489999999999995,-79.89,5.4799999999999995,-0.05619587,0.1312065,0.4480551944805519,0.8282232382822323,False
4024,SFG-l,"superior frontal gyrus, left, lateral bank of gyrus",6,6,-21.495317460317462,32.45722222222222,46.979503968253965,-0.056218766,1.7074883,0.0455954404559544,0.2979987715514163,False
13005,LHM,"lateral hypothalamic area, mammillary region, left",6,6,-6.283333333333334,-9.416666666666666,-7.833333333333333,-0.057120107,-0.51212335,0.6941305869413059,0.9922007799220078,False
4121,Pcu-i,"precuneus, left, inferior lateral bank of gyrus",6,6,-8.133333333333333,-61.78333333333333,36.954166666666666,-0.057805106,0.6857224,0.245975402459754,0.6940597606905976,False
4051,MOrG,"medial orbital gyrus, left",6,6,-14.194444444444445,40.64166666666667,-22.57777777777778,-0.061118428,1.3808268,0.0815918408159184,0.3929291281398176,False
9146,LPB,"lateral parabrachial nucleus, left",5,5,-7.040000000000001,-36.839999999999996,-26.1,-0.061413504,-0.35567796,0.6380361963803619,0.9894968130305613,False
4079,fro,"frontal operculum, left",6,6,-43.25,12.177777777777777,3.6777777777777776,-0.0615031,1.3516958,0.0884911508849115,0.4152277079984309,False
4200,OTG-s,"occipito-temporal gyrus, left, superior bank of gyrus",6,6,-33.080555555555556,-63.13055555555555,-10.366666666666667,-0.062218104,-0.19431956,0.5740425957404259,0.937944598397303,False
4901,IRoG,"inferior rostral gyrus, left",5,5,-5.51,41.160000000000004,-12.919999999999998,-0.06613325,0.5513268,0.2900709929007099,0.7025107615820697,False
4432,ILr,"rostral group of intralaminar nuclei, left",6,6,-9.266666666666666,-16.133333333333333,10.661111111111111,-0.06859124,1.2645202,0.1070892910708929,0.4779839089261805,False
4186,Cun-pest,"cuneus, left, peristriate",6,6,-8.577777777777778,-76.17222222222223,16.997222222222224,-0.06986784,0.51786375,0.3032696730326967,0.7025107615820697,False
4251,S,"subiculum, left",6,6,-21.82166666666667,-26.89777777777778,-12.030000000000001,-0.071058206,3.0587502,0.0007999200079992,0.1463853614638536,False
9103,IC,"inferior colliculus, left",4,4,-2.15,-38.3625,-17.7125,-0.07289039,0.2968813,0.3768623137686231,0.7416598765655349,False
4194,LiG-str,"lingual gyrus, left, striate",6,6,-12.303571428571429,-72.10257936507936,2.3904761904761904,-0.07407796,-1.1184537,0.8672132786721328,0.9922007799220078,False
4150,ITG-l,"inferior temporal gyrus, left, lateral bank of gyrus",6,6,-55.60916666666666,-38.47,-26.311666666666667,-0.079049096,0.3625851,0.358964103589641,0.7298936772989368,False
4031,MFG-i,"middle frontal gyrus, left, inferior bank of gyrus",6,6,-43.527222222222214,30.905833333333334,27.535416666666666,-0.07987378,0.61159545,0.2706729327067293,0.6940597606905976,False
4060,LOrG,"lateral orbital gyrus, left",6,6,-30.73888888888889,44.13333333333333,-13.805555555555557,-0.08052686,0.39620763,0.3446655334466553,0.7249861220774475,False
4048,GRe,"gyrus rectus, left",6,6,-6.591666666666666,40.65833333333333,-23.244444444444444,-0.081794985,1.7737156,0.0377962203779622,0.2935026497350264,False
4136,STG-i,"superior temporal gyrus, left, inferior bank of gyrus",6,6,-57.32242063492063,-24.06785714285714,-2.2359126984126987,-0.08297628,0.623593,0.2676732326767323,0.6940597606905976,False
4087,PoG-cs,"postcentral gyrus, left, bank of the central sulcus",6,6,-41.293055555555554,-18.622222222222224,50.515277777777776,-0.08587826,-1.4496378,0.925907409259074,0.9922007799220078,False
4074,PCLa-i,"paracentral lobule, anterior part, left, inferior bank of gyrus",6,6,-5.911111111111111,-22.233333333333334,49.40555555555556,-0.09123738,-0.44763473,0.6748325167483251,0.9922007799220078,False
4166,HG,"Heschl's gyrus, left",6,6,-47.25833333333333,-15.180555555555555,5.61388888888889,-0.093163654,0.5679831,0.2851714828517148,0.7025107615820697,False
4903,TP-s,"temporal pole, left, superior aspect",5,5,-37.87,16.71,-22.56,-0.09843927,1.8657087,0.0297970202979702,0.2935026497350264,False
4187,Cun-str,"cuneus, left, striate",6,6,-11.366666666666667,-81.18055555555556,8.880555555555555,-0.098621376,-1.5552953,0.9411058894110588,0.9922007799220078,False
4270,LIG,"long insular gyri, left",6,6,-39.94722222222222,-12.236111111111109,4.366666666666666,-0.10054295,1.5529438,0.0603939606039396,0.3649468386494684,False
4254,CA1,"CA1 field, left",6,6,-30.46666666666667,-25.301666666666666,-12.410000000000002,-0.1010271,2.4102187,0.0074992500749925,0.2378762123787621,False
4030,MFG-s,"middle frontal gyrus, left, superior bank of gyrus",6,6,-29.33952380952381,29.349682539682536,40.89809523809524,-0.113784544,1.1210735,0.1313868613138686,0.546449900464499,False
4367,COMA,"cortico-medial group, left",6,6,-20.849999999999998,-7.575,-10.616666666666665,-0.13300708,2.1127727,0.0175982401759824,0.2666304798091619,False
4014,PrG-il,"precentral gyrus, left, inferior lateral aspect of gyrus",6,6,-48.18333333333334,-7.782222222222223,40.67666666666667,-0.13868162,1.0542554,0.1475852414758524,0.5733426657334266,False
4039,trIFG,"inferior frontal gyrus, triangular part, left",6,6,-47.463888888888896,35.48611111111111,-0.23888888888888873,-0.14029731,-0.5832434,0.7226277372262774,0.9922007799220078,False
9222,cc,corpus callosum,6,6,-6.219444444444444,4.041666666666667,19.502777777777776,-0.14404486,-2.2349672,0.9851014898510148,0.9922007799220078,False
4280,HCd,"head of caudate nucleus, left",6,6,-13.6875,15.658333333333331,8.983333333333333,-0.15572637,-1.5289923,0.937006299370063,0.9922007799220078,False
4282,BCd,"body of caudate nucleus, left",6,6,-19.332222222222224,-14.319444444444445,19.308333333333334,-0.16302851,-1.7689433,0.962003799620038,0.9922007799220078,False
4672,MM,"medial mammillary nucleus, left",4,4,-6.875,-4.75,-12.375,-0.16401942,0.6375921,0.2652734726527347,0.6940597606905976,False
4542,PrOR,"preoptic region, left",6,6,-3.8833333333333333,0.5499999999999999,-3.4499999999999997,-0.16806142,0.79311585,0.2092790720927907,0.6640064807078614,False
9520,Arc,"arcuate nucleus of medulla, left",6,6,-1.9194444444444443,-32.52222222222222,-53.31527777777777,-0.17426322,1.0322543,0.1503849615038496,0.5733426657334266,False
4329,ATZ,"amygdalohippocampal transition zone, left",6,6,-17.683333333333334,-4.8999999999999995,-14.5,-0.17602436,2.2221756,0.0142985701429857,0.2378762123787621,False
4360,CeA,"central nucleus, left",6,6,-26.34166666666667,-8.658333333333333,-9.541666666666666,-0.17700298,0.30561826,0.3760623937606239,0.7416598765655349,False
4641,DMH,"dorsomedial hypothalamic nucleus, left",4,4,-6.875,-0.875,-6.75,-0.18242559,0.28777128,0.380961903809619,0.7416598765655349,False
4735,He-IV,"IV, left, lateral hemisphere",4,4,-21.5,-35.125,-22.0,-0.18299375,-0.75265753,0.7706229377062294,0.9922007799220078,False
4718,PV-III,"III, left, paravermis",4,4,-6.5,-41.25,-14.65,-0.19403113,-1.3836927,0.915908409159084,0.9922007799220078,False
4708,Ve-VIIB,VIIB,4,4,0.75,-73.625,-29.4375,-0.20074485,-1.4554348,0.9274072592740726,0.9922007799220078,False
9115,SC,"superior colliculus, left",4,4,-10.45,-32.175,-5.475,-0.20701198,-0.69425046,0.7536246375362464,0.9922007799220078,False
4255,CA2,"CA2 field, left",6,6,-29.885555555555555,-28.319999999999997,-4.724444444444444,-0.21117115,2.2906704,0.0123987601239876,0.2378762123787621,False
9149,LC,"locus ceruleus, left",4,4,-3.5625,-39.545833333333334,-31.991666666666667,-0.21386777,0.48864833,0.3170682931706829,0.7055687288414015,False
4701,Ve-III,III,4,4,0.7416666666666667,-44.30833333333334,-12.845833333333335,-0.21929139,-1.344664,0.9115088491150884,0.9922007799220078,False
4738,He-VI,"VI, left, lateral hemisphere",6,6,-29.647222222222222,-66.66111111111111,-23.566666666666666,-0.2265149,-1.4662915,0.9287071292870712,0.9922007799220078,False
4291,Acb,"nucleus accumbens, left",6,6,-10.183333333333334,9.066666666666666,-7.779166666666666,-0.2306001,-0.71291804,0.7623237676232377,0.9922007799220078,False
4710,Ve-VIIIB,VIIIB,4,4,0.5125000000000002,-68.65,-41.0875,-0.2466678,-1.4983956,0.9355064493550644,0.9922007799220078,False
4705,Ve-VI,VI,4,4,0.7,-75.7125,-15.425,-0.24854508,-1.741797,0.9603039696030397,0.9922007799220078,False
4281,TCd,"tail of caudate nucleus, left",6,6,-35.47222222222222,-29.13611111111111,-4.652777777777778,-0.24861676,-1.0703031,0.8577142285771423,0.9922007799220078,False
10145,OlfT,"olfactory tubercle, left",4,4,-18.125,6.5,-16.375,-0.24970764,0.42150775,0.3364663533646635,0.7159691007643421,False
4675,LM,"lateral mammillary nucleus, left",4,4,-8.75,-4.75,-10.75,-0.26551658,0.6290747,0.2643735626437356,0.6940597606905976,False
4702,Ve-IV,IV,4,4,0.8375000000000001,-50.6625,-5.949999999999999,-0.26940048,-1.6109824,0.9503049695030495,0.9922007799220078,False
4719,PV-IV,"IV, left, paravermis",5,5,-8.02,-45.06,-7.58,-0.26967153,-1.1605513,0.8767123287671232,0.9922007799220078,False
4593,SO,"supraoptic nucleus, left",5,5,-10.940000000000001,-1.8200000000000003,-11.28,-0.27524173,0.5301181,0.2953704629537046,0.7025107615820697,False
4728,PV-IX,"IX, left, paravermis",5,5,-9.67,-50.83,-49.64,-0.2752924,-1.4738138,0.928907109289071,0.9922007799220078,False
4637,VMH,"ventromedial hypothalamic nucleus, left",5,5,-7.38,-2.56,-9.1,-0.2775601,1.179409,0.1202879712028797,0.5119232262820229,False
4311,DBh,"nucleus of the diagonal band, left, vertical division",4,4,-14.0,4.5,-13.75,-0.27783468,0.49847057,0.30996900309969,0.7055687288414015,False
4679,PHA,"posterior hypothalamic area, left",6,6,-4.716666666666667,-9.200000000000001,-3.9333333333333336,-0.27808213,0.6062167,0.2730726927307269,0.6940597606905976,False
4310,DBv,"nucleus of the diagonal band, left, horizontal division",4,4,-6.875,5.25,2.75,-0.29288492,0.6838041,0.2468753124687531,0.6940597606905976,False
4573,PVH,"paraventricular nucleus of the hypothalamus, left",5,5,-4.07,-1.0400000000000003,-0.53,-0.29446068,-0.025835559,0.5023497650234976,0.8839423749932699,False
4741,He-VIIB,"VIIB, left, lateral hemisphere",6,6,-29.066666666666666,-66.71666666666667,-55.10833333333333,-0.3128075,-1.2198167,0.887011298870113,0.9922007799220078,False
4709,Ve-VIIIA,VIIIA,4,4,0.8625,-71.2375,-43.6125,-0.31629863,-1.3871404,0.9172082791720828,0.9922007799220078,False
4727,PV-VIIIB,"VIIIB, left, paravermis",5,5,-9.73,-60.2,-56.15,-0.31805733,-1.5186285,0.9367063293670632,0.9922007799220078,False
4703,Ve-V,V,4,4,0.8666666666666667,-64.675,-4.658333333333334,-0.3186734,-1.5148382,0.9347065293470652,0.9922007799220078,False
4722,PV-VI,"VI, left, paravermis",6,6,-8.424999999999999,-73.73333333333333,-15.958333333333334,-0.32861087,-1.4774684,0.932106789321068,0.9922007799220078,False
4720,PV-V,"V, left, paravermis",6,6,-8.416666666666666,-59.699999999999996,-8.308333333333334,-0.34013736,-1.5259292,0.9355064493550644,0.9922007799220078,False
4743,He-VIIIB,"VIIIB, left, lateral hemisphere",4,4,-22.0,-46.0,-56.75,-0.3460345,-1.484369,0.931906809319068,0.9922007799220078,False
4739,He-Crus I,"Crus I, left, lateral hemisphere",6,6,-30.125,-81.24166666666666,-31.441666666666666,-0.35048753,-1.3618022,0.911908809119088,0.9922007799220078,False
4723,PV-Crus I,"Crus I, left, paravermis",6,6,-8.6,-84.23333333333333,-24.641666666666666,-0.35294378,-1.2114577,0.8867113288671132,0.9922007799220078,False
4724,PV-Crus II,"Crus II, left, paravermis",5,5,-8.559999999999999,-86.14,-38.980000000000004,-0.35392103,-1.4424961,0.9251074892510748,0.9922007799220078,False
4667,TM,"tuberomammillary nucleus, left",4,4,-9.25,-4.75,-10.5,-0.3549086,1.4651706,0.0717928207179282,0.3649468386494684,False
4736,He-V,"V, left, lateral hemisphere",4,4,-23.25,-45.8125,-19.625,-0.35587886,-1.2173138,0.8888111188881112,0.9922007799220078,False
4725,PV-VIIB,"VIIB, left, paravermis",6,6,-8.933333333333334,-74.41666666666667,-48.550000000000004,-0.36654645,-1.4636728,0.929007099290071,0.9922007799220078,False
4740,He-Crus II,"Crus II, left, lateral hemisphere",6,6,-29.916666666666668,-79.70416666666667,-44.199999999999996,-0.3682254,-1.2249998,0.8872112788721128,0.9922007799220078,False
4742,He-VIIIA,"VIIIA, left, lateral hemisphere",5,5,-28.580000000000002,-63.5,-57.9,-0.36928165,-1.5705826,0.9424057594240576,0.9922007799220078,False
4711,Ve-IX,IX,4,4,0.65,-55.35,-36.95,-0.3732909,-1.7818482,0.9646035396460354,0.9922007799220078,False
4726,PV-VIIIA,"VIIIA, left, paravermis",5,5,-9.709999999999999,-69.42,-52.32000000000001,-0.3799011,-1.4124335,0.921007899210079,0.9922007799220078,False
4648,PeF,"perifornical nucleus, left",4,4,-8.875,-3.625,-9.0,-0.39027375,0.36562943,0.3580641935806419,0.7298936772989368,False
10151,LTu,"lateral tuberal nucleus, left",4,4,-12.0,-4.75,-9.5,-0.39414644,1.4001226,0.0790920907909209,0.3911852058037439,False
4707,Ve-VIIAt,VIIAt,4,4,0.5625000000000001,-84.95,-29.3375,-0.4064479,-1.0913547,0.8608139186081392,0.9922007799220078,False
