gene_symbol,number_of_probes,probe_ids
APOE,3,1059132;1059133;1067762
ARHGEF2,2,1019068;1048871
ASH1L,2,1041471;1041472
ASNS,2,1026103;1026104
ASXL3,3,1015239;1015423;1016305
BAG3,2,1048474;1048475
BBS9,2,1022575;1022576
BCKDK,2,1011486;1019002
BCL9,2,1058854;1058855
BIN3,3,1041427;1041428;1041429
BRD3,2,1050009;1050010
BRIP1,1,1037918
BST1,2,1058746;1058747
C5ORF24,2,1015240;1020488
CAB39L,2,1011604;1020073
CAMK2D,4,1013642;1017819;1027100;1027101
CAPN13,2,1036609;1036610
CARS2,2,1039201;1039202
CC2D2A,2,1011388;1018275
CCDC62,2,1029581;1029582
CCDC85A,2,1014186;1017604
CCT3,2,1029523;1029524
CD19,2,1058473;1058474
CHRNB1,2,1058196;1058197
CLCN3,3,1025182;1025183;1025184
CNOT6L,3,1033005;1033006;1033007
CNTN1,2,1058103;1058104
COL3A1,4,1058092;1058093;1058094;1058095
COMMD1,2,1034390;1034391
CRLS1,1,1020322
CTSB,3,1030215;1030216;1030217
DCST1,3,1014309;1018959;1034485
DCUN1D1,2,1042987;1060966
DDRGK1,2,1039498;1039499
DGKQ,2,1057741;1057742
DIRC1,2,1036088;1036089
DLG2,4,1011473;1014060;1015299;1020078
DNAH17,2,1029339;1029340
DNASE1L1,2,1057592;1057593
DNM1L,3,1026402;1026403;1026404
DPP6,4,1021964;1021965;1021966;1025983
DYRK1A,3,1026233;1026234;1026235
ELOVL7,2,1014431;1017481
FAM171A2,2,1013916;1017989
FAM47E,2,1011673;1015924
FASN,2,1057064;1057065
FBRSL1,2,1014256;1015696
FCGR2A,1,1019379
FCGR2B,2,1026970;1026971
FCGR3B,1,1057035
FGD4,3,1035818;1035819;1064628
FYN,3,1029625;1029626;1029627
GAK,2,1056538;1056539
GALNT14,2,1039165;1039166
GALNT9,4,1013164;1013937;1018522;1063388
GBF1,2,1049375;1049376
GCH1,5,1029868;1029869;1029901;1030010;1056474
GJA5,3,1024400;1024401;1056413
GPM6B,4,1023580;1056269;1056270;1056271
GPNMB,2,1024151;1024152
GPR65,2,1049669;1049670
GPRIN3,2,1021672;1021673
GUSBP2,1,1010976
HEATR6,2,1040127;1040128
HIP1R,2,1049068;1049069
HLA-DQA1,5,1018703;1021190;1055658;1055659;1055660
HLA-DQB1,2,1055654;1055655
HLA-DRA,2,1055652;1055653
HLA-DRB1,2,1055650;1055651
INPP5F,2,1046229;1046230
IP6K2,4,1030752;1030753;1030791;1030792
IQCJ,4,1021047;1021142;1021143;1021144
IQCJ-SCHIP1,2,1044119;1044120
IRS2,3,1049467;1049468;1049469
ITGA2B,2,1054940;1054941
ITGA8,2,1049617;1049618
ITGAE,2,1054931;1054932
ITIH1,2,1054912;1054913
ITPKB,2,1054898;1054899
KCNIP3,3,1022417;1022418;1022419
KCNN3,3,1027249;1027250;1027251
KCNS3,3,1054772;1054773;1054774
KLHDC1,2,1035775;1035776
KLHL7,3,1025738;1025739;1063321
KNTC1,2,1048212;1048213
KPNA1,2,1015121;1020579
KPNA3,2,1054722;1054723
KRTCAP2,2,1033536;1033537
KTN1,3,1011820;1017307;1054651
LAMP3,2,1044682;1044683
LHFPL2,2,1047730;1047731
LINC00326,2,1012240;1017951
LMNA,3,1023738;1023739;1054551
LRP1B,2,1043072;1043073
LRP8,3,1024086;1050104;1050105
LRRC37A4P,7,1015072;1015124;1015247;1015252;1020297;1022598;1070359
LRRK2,3,1022614;1022615;1022616
LRRN2,3,1024046;1024047;1047393
MAP4K4,4,1030502;1030503;1030504;1030505
MAPT,4,1010837;1012542;1014908;1020634
MAPT-AS1,1,1063807
MBNL2,2,1026724;1026725
MCCC1,2,1041094;1041095
MED12L,2,1036005;1036006
MED13,2,1047969;1047970
METTL13,2,1029408;1029409
MIPOL1,2,1034741;1034742
MMRN1,2,1046181;1046182
MORN1,2,1038820;1038821
MRPL1,2,1039604;1039605
MSR1,4,1023451;1023452;1023453;1054033
MTF2,2,1046288;1046289
MUC12,5,1015514;1025233;1025234;1025235;1047868
MUC19,1,1069887
MYLK2,2,1037087;1037088
NDUFAF2,3,1036662;1036663;1036664
NOD2,2,1039983;1039984
NOL4,2,1049390;1049391
NRBP1,2,1044129;1044130
NSF,2,1053553;1053554
NUCKS1,7,1039781;1039782;1039783;1039784;1039785;1039786;1039787
P2RX5,3,1029745;1029961;1029962
PAM,4,1053360;1053361;1053362;1053363
PARP9,4,1012605;1014893;1017969;1019052
PBXIP1,1,1040725
PCGF3,4,1047531;1047532;1047533;1047534
PDE5A,3,1023660;1029314;1029315
PDGFB,2,1025515;1025516
PDLIM2,6,1030473;1030474;1030475;1030506;1030507;1063413
PIK3CA,2,1053064;1053065
PITPNM2,2,1040522;1040523
PKP2,3,1028774;1028775;1068149
PLEKHM1,4,1014469;1015773;1019528;1020046
PMVK,2,1047114;1047115
PRDM15,4,1021358;1021359;1021360;1065382
RAB25,2,1040843;1040844
RABEP2,2,1038854;1038855
RBMS3,3,1027165;1027166;1027167
RILPL2,2,1033620;1033621
RIMS1,2,1046115;1046116
RIMS2,4,1013694;1014746;1015006;1020609
RIT1,2,1052172;1052174
RIT2,2,1052175;1052176
RNF141,2,1043920;1043922
RORA,2,1024340;1024341
RPL10,3,1052085;1052086;1052087
RPL13AP3,1,1012847
RPL3,2,1052118;1052119
RPS6KL1,2,1038074;1038075
SCARB2,2,1058448;1058449
SCN2A,4,1022204;1022205;1022206;1022207
SEC23IP,2,1046486;1046487
SEMA4A,2,1039940;1039941
SETD1A,2,1023898;1023899
SH2B1,2,1013795;1019011
SH3GL2,2,1051629;1051630
SIPA1L2,2,1040561;1040562
SLC25A44,3,1048289;1048290;1048291
SLC2A13,3,1036278;1036279;1036280
SLC38A1,2,1011006;1020708
SLC41A1,2,1032909;1032910
SLC44A4,2,1038467;1038468
SMAD4,2,1054430;1054431
SNCA,2,1010655;1020182
SORBS2,3,1029199;1029200;1068745
SPATA19,2,1033264;1033265
SPATA6,2,1042808;1042809
SPPL2B,2,1013582;1019980
SPTSSB,2,1021818;1021819
STK39,2,1044446;1044447
STX1B,2,1036371;1036372
SV2C,3,1025369;1025370;1025371
SYT10,2,1031929;1031930
SYT17,3,1043121;1043122;1043123
SYT4,3,1051007;1051008;1051009
TAC1,13,1028377;1029249;1029250;1029251;1029252;1029253;1029254;1029255;1029256;1029257;1029258;1029261;1051004
TBC1D5,2,1011556;1020243
TBXAS1,3,1019912;1028035;1028036
TEKT4,3,1034403;1034404;1034405
TIAL1,3,1022190;1022191;1022192
TMEM108,3,1039492;1039493;1061880
TMEM163,2,1038292;1038293
TMEM175,2,1037692;1037693
TPM1,7,1029651;1029652;1029653;1029654;1029722;1030777;1030778
TRIM40,2,1035144;1035145
TRIM46,3,1038649;1038650;1061310
TXNDC15,2,1038974;1038975
UBAP2,2,1041521;1041522
UBQLN4,2,1041134;1041135
UBTF,2,1011311;1020229
USP50,2,1031669;1031670
USP8,2,1014451;1019894
VAMP4,3,1022872;1022873;1063422
VN1R10P,2,1037931;1037932
WDHD1,3,1024873;1024874;1067761
WDR41,2,1042082;1042083
WNT3,2,1050353;1050354
WWOX,6,1025804;1025805;1043133;1043134;1043135;1043136
XPO1,2,1050310;1050311
ZNF322,2,1039074;1039075
ZNF608,2,1025964;1025965
