gene_symbol,probe_id,probe_name,overall_detection_rate,donors_with_detection_rate_at_least_0_5
APOE,1059132,A_23_P164650,0.9994597514856834,6
ARHGEF2,1019068,A_23_P51699,0.9343598055105349,6
ASH1L,1041472,A_24_P367666,0.9991896272285251,6
ASNS,1026103,A_23_P145694,0.9994597514856834,6
ASXL3,1016305,A_23_P381746,0.8806050783360346,6
BAG3,1048474,A_23_P52552,0.9746083198271205,6
BBS9,1022575,A_23_P82351,0.9997298757428417,6
BCKDK,1011486,A_23_P3823,0.9991896272285251,6
BCL9,1058854,A_23_P382602,0.998109130199892,6
BIN3,1041427,A_23_P43086,0.9859535386277688,6
BRD3,1050010,A_24_P32887,0.9994597514856834,6
C5ORF24,1015240,A_24_P337504,1.0,6
CAB39L,1020073,A_23_P204879,0.9983792544570502,6
CAMK2D,1027101,A_24_P114739,1.0,6
CAPN13,1036609,A_23_P101972,0.9116693679092382,6
CARS2,1039201,A_23_P128624,0.9994597514856834,6
CC2D2A,1018275,A_23_P348383,0.8973527822798487,6
CCDC85A,1017604,A_23_P349566,0.9854132901134521,6
CCT3,1029523,A_23_P160631,0.9994597514856834,6
CD19,1058473,A_23_P113572,0.5337655321447866,4
CHRNB1,1058196,A_23_P207106,0.9081577525661805,6
CLCN3,1025184,A_24_P402847,0.9997298757428417,6
CNOT6L,1033007,A_23_P110304,0.9991896272285251,6
CNTN1,1058104,CUST_11199_PI416261804,0.9983792544570502,6
COMMD1,1034390,A_23_P389525,0.9991896272285251,6
CRLS1,1020322,A_23_P400435,0.9991896272285251,6
CTSB,1030215,A_24_P397928,0.9994597514856834,6
DCUN1D1,1042987,A_24_P166012,0.9975688816855753,6
DDRGK1,1039499,CUST_7515_PI416261804,0.998109130199892,6
DGKQ,1057741,A_23_P132932,0.9208535926526202,6
DIRC1,1036088,A_23_P131139,0.9994597514856834,6
DLG2,1015299,A_23_P124514,0.9972987574284171,6
DNASE1L1,1057593,A_23_P85164,0.9632631010264722,6
DNM1L,1026404,A_24_P743907,0.9989195029713668,6
DPP6,1021964,A_23_P170888,0.9994597514856834,6
DYRK1A,1026233,A_23_P211126,0.9970286331712588,6
ELOVL7,1014431,A_24_P32473,0.9781199351701783,6
FAM171A2,1017989,CUST_1017_PI416379584,0.7576985413290114,6
FAM47E,1015924,A_32_P83811,0.9670448406266883,6
FASN,1057064,A_23_P44132,0.9265262020529443,6
FBRSL1,1014256,A_24_P280497,1.0,6
FCGR2A,1019379,A_23_P85716,0.8965424095083738,6
FGD4,1035818,A_24_P158946,0.9991896272285251,6
FYN,1029625,A_23_P502142,0.9994597514856834,6
GAK,1056538,A_24_P397150,0.9964883846569422,6
GALNT14,1039165,A_23_P67847,0.9948676391139925,6
GALNT9,1018522,A_23_P252462,0.9294975688816856,6
GBF1,1049375,A_23_P161237,0.9994597514856834,6
GPM6B,1023580,CUST_1352_PI416379584,0.9994597514856834,6
GPNMB,1024151,A_23_P134426,0.8568341437061048,6
GUSBP2,1010976,A_32_P92654,0.9994597514856834,6
HEATR6,1040127,A_23_P77965,0.9249054565099946,6
HIP1R,1049068,A_23_P398294,0.9994597514856834,6
HLA-DQA1,1055659,CUST_3141_PI416261804,0.6788222582387898,3
HLA-DQB1,1055654,A_23_P136683,0.5764451647757969,3
HLA-DRA,1055653,A_32_P87697,0.8444084278768234,5
HLA-DRB1,1055650,A_24_P343233,0.9994597514856834,6
INPP5F,1046230,A_23_P35684,0.9994597514856834,6
IP6K2,1030753,A_23_P301138,1.0,6
IQCJ,1021143,CUST_1127_PI416573500,0.5953538627768774,4
IQCJ-SCHIP1,1044120,CUST_10207_PI416261804,1.0,6
IRS2,1049469,A_24_P154037,0.9994597514856834,6
ITGA2B,1054940,A_23_P77971,0.5967044840626688,5
ITGA8,1049618,CUST_5678_PI416261804,0.8192868719611021,6
ITGAE,1054932,CUST_13181_PI416261804,0.9554294975688817,6
ITIH1,1054913,A_24_P136905,0.9972987574284171,6
ITPKB,1054898,A_23_P372255,0.9994597514856834,6
KCNIP3,1022417,A_23_P356004,0.9989195029713668,6
KCNN3,1027249,A_23_P126167,0.9638033495407887,6
KCNS3,1054772,A_23_P120103,0.9783900594273366,6
KLHDC1,1035776,A_32_P164513,0.9978390059427337,6
KLHL7,1025739,A_24_P295050,0.9897352782279849,6
KNTC1,1048213,CUST_6725_PI416261804,0.9154511075094544,6
KPNA1,1015121,CUST_209_PI417507815,0.9983792544570502,6
KPNA3,1054722,A_23_P139950,0.9991896272285251,6
KRTCAP2,1033536,A_23_P149249,0.9994597514856834,6
KTN1,1011820,CUST_10474_PI416261804,1.0,6
LHFPL2,1047730,A_23_P255104,0.9883846569421935,6
LMNA,1054551,A_23_P34835,0.9991896272285251,6
LRP1B,1043072,A_23_P5342,0.9916261480280929,6
LRP8,1050104,A_23_P200222,0.9986493787142086,6
LRRC37A4P,1015124,A_24_P238143,0.9994597514856834,6
LRRK2,1022614,A_23_P128447,0.9991896272285251,6
LRRN2,1024046,A_23_P11843,0.9994597514856834,6
MAP4K4,1030504,A_23_P108604,0.9994597514856834,6
MAPT,1020634,CUST_449_PI416408490,0.9986493787142086,6
MAPT-AS1,1063807,A_24_P127174,1.0,6
MBNL2,1026724,A_24_P56317,0.9997298757428417,6
MCCC1,1041094,A_23_P58036,0.998109130199892,6
MED12L,1036005,A_32_P701268,0.8914100486223663,6
MED13,1047970,A_24_P17077,1.0,6
METTL13,1029408,A_23_P201672,1.0,6
MIPOL1,1034741,A_23_P300867,0.9624527282549973,6
MORN1,1038821,CUST_89_PI416261804,0.7558076715289033,5
MRPL1,1039605,CUST_5113_PI416261804,0.9994597514856834,6
MTF2,1046289,CUST_2197_PI416261804,0.9997298757428417,6
MUC12,1015514,CUST_4556_PI416261804,0.6693679092382496,4
MYLK2,1037087,A_23_P80008,0.9910858995137763,6
NDUFAF2,1036662,A_32_P49555,0.9994597514856834,6
NOL4,1049391,A_32_P126733,0.993517017828201,6
NRBP1,1044129,A_23_P165442,0.9502971366828741,6
NSF,1053553,A_23_P15714,0.9994597514856834,6
NUCKS1,1039787,A_24_P216964,1.0,6
P2RX5,1029961,CUST_6425_PI416261804,0.8649378714208535,6
PAM,1053360,A_23_P213678,0.9994597514856834,6
PARP9,1017969,A_23_P69383,0.5748244192328471,4
PBXIP1,1040725,A_24_P79808,0.9859535386277688,6
PCGF3,1047531,A_24_P388632,0.9978390059427337,6
PDE5A,1029315,CUST_11485_PI416261804,0.7217720151269584,6
PDGFB,1025515,A_24_P339944,0.9692058346839546,6
PDLIM2,1030473,CUST_1291_PI416379584,0.9994597514856834,6
PIK3CA,1053065,CUST_15807_PI416261804,0.9989195029713668,6
PITPNM2,1040523,A_23_P401361,0.8722312263641275,6
PKP2,1028774,A_23_P162466,0.8268503511615343,6
PLEKHM1,1015773,A_23_P152727,0.9997298757428417,6
PMVK,1047114,A_23_P114774,0.9994597514856834,6
RABEP2,1038854,A_23_P61100,0.9432739059967585,6
RBMS3,1027165,A_32_P228618,0.9991896272285251,6
RILPL2,1033620,A_23_P76109,0.9940572663425176,6
RIMS1,1046116,CUST_13778_PI416261804,0.9956780118854673,6
RIMS2,1020609,CUST_38_PI416408490,0.998109130199892,6
RIT1,1052172,A_23_P316601,0.9910858995137763,6
RIT2,1052176,CUST_6645_PI416261804,0.9918962722852512,6
RNF141,1043920,A_24_P372625,0.9994597514856834,6
RORA,1024340,A_23_P26124,0.9991896272285251,6
RPL10,1052085,A_23_P217666,0.9994597514856834,6
RPL13AP3,1012847,CUST_162_PI417507815,0.9994597514856834,6
RPL3,1052118,A_23_P68942,1.0,6
RPS6KL1,1038075,A_24_P153547,0.9432739059967585,6
SCARB2,1058448,A_23_P386514,0.9991896272285251,6
SCN2A,1022205,A_23_P51019,0.9983792544570502,6
SEC23IP,1046486,A_23_P202602,0.9962182603997839,6
SEMA4A,1039940,A_23_P23438,0.9448946515397083,6
SETD1A,1023899,CUST_10043_PI416261804,0.6728795245813074,6
SH2B1,1019011,A_24_P185029,0.8935710426796326,6
SH3GL2,1051629,A_23_P169351,0.9945975148568341,6
SIPA1L2,1040562,CUST_5402_PI416261804,0.9986493787142086,6
SLC25A44,1048291,A_24_P312325,0.990815775256618,6
SLC2A13,1036279,A_32_P199801,0.9991896272285251,6
SLC38A1,1011006,A_24_P261734,0.9991896272285251,6
SLC41A1,1032909,A_24_P122732,0.9978390059427337,6
SMAD4,1054430,A_23_P27346,0.9635332252836305,6
SNCA,1010655,A_32_P109653,0.9994597514856834,6
SORBS2,1029199,A_23_P121795,0.9921663965424095,6
SPATA6,1042809,CUST_107_PI416261804,0.984332793084819,6
SPPL2B,1019980,A_23_P79066,0.9994597514856834,6
SPTSSB,1021818,A_32_P199551,0.7296056185845489,6
STK39,1044446,A_23_P90762,0.9991896272285251,6
STX1B,1036371,A_23_P152462,0.9978390059427337,6
SV2C,1025369,CUST_882_PI416379584,0.9702863317125878,6
SYT10,1031929,A_23_P13866,0.7144786601836844,6
SYT17,1043121,A_23_P163697,0.9959481361426256,6
SYT4,1051007,A_23_P208030,0.9956780118854673,6
TAC1,1029250,CUST_2039_PI417557136,0.9502971366828741,6
TBC1D5,1011556,A_24_P289029,0.9978390059427337,6
TBXAS1,1028035,A_24_P274814,0.973257698541329,6
TEKT4,1034404,A_32_P231179,0.7903835764451648,5
TIAL1,1022190,A_23_P161488,0.9967585089141004,6
TMEM108,1039492,A_23_P254688,0.9970286331712588,6
TMEM163,1038292,A_23_P39550,0.8184764991896273,6
TMEM175,1037692,A_23_P58148,0.9997298757428417,6
TPM1,1029652,A_23_P391586,0.9991896272285251,6
TRIM46,1061310,A_23_P46222,0.9743381955699622,6
TXNDC15,1038974,A_23_P41777,0.9994597514856834,6
UBAP2,1041521,A_23_P60472,0.9967585089141004,6
UBQLN4,1041134,A_23_P201059,0.9300378173960021,6
UBTF,1020229,A_23_P100779,0.9543490005402485,6
USP8,1014451,CUST_10386_PI416261804,0.9964883846569422,6
VAMP4,1022873,CUST_4744_PI416261804,0.9870340356564019,6
WDHD1,1024874,CUST_10452_PI416261804,0.7903835764451648,6
WDR41,1042082,A_23_P259521,0.9927066450567261,6
WNT3,1050353,A_23_P130158,0.9991896272285251,6
WWOX,1025805,CUST_16920_PI416261804,0.9997298757428417,6
XPO1,1050311,A_23_P40078,0.9959481361426256,6
ZNF322,1039075,A_32_P206293,0.9994597514856834,6
ZNF608,1025964,A_23_P169978,0.9897352782279849,6
