structure_id,structure_acronym,structure_name,number_of_donors,total_sample_count,parkinsons_expression_score,random_mean_score,random_standard_deviation,enrichment_z_score,empirical_p_value,fdr_q_value,significant_fdr_0_05,regional_rank
4507,ZI,"zona incerta, left",6,10,0.77400917,0.88360274,0.056687556,-1.9332914,0.971002899710029,0.9922007799220078,False,1
4437,ILc,"caudal group of intralaminar nuclei, left",6,7,0.7228974,0.6775052,0.049101725,0.92445254,0.17818218178182182,0.6152328163410075,False,2
4518,Sb,"subthalamic nucleus, left",6,11,0.6913254,0.72338897,0.056189824,-0.570629,0.7216278372162783,0.9922007799220078,False,3
9178,SOC,"superior olivary complex, left",5,12,0.55795777,0.5980099,0.05825779,-0.68749803,0.7550244975502449,0.9922007799220078,False,4
9543,Cu,"cuneate nucleus, left",6,16,0.5079094,0.5734693,0.06999591,-0.9366242,0.8282171782821718,0.9922007799220078,False,5
4506,R,"reticular nucleus of thalamus, left",6,15,0.49288937,0.61869925,0.06689326,-1.8807558,0.9691030896910309,0.9922007799220078,False,6
9698,8Ve,"vestibular nuclei, left",6,18,0.48700082,0.5290547,0.051943924,-0.8096015,0.7937206279372063,0.9922007799220078,False,7
9589,CMRt,"central medullary reticular group, left",4,9,0.48538342,0.59887147,0.050098564,-2.2652955,0.9888011198880112,0.9922007799220078,False,8
9525,CGS,central glial substance,4,9,0.46273527,0.5663955,0.1306893,-0.79318094,0.781921807819218,0.9922007799220078,False,9
4417,DTLv,"lateral group of nuclei, left, ventral division",6,20,0.44032392,0.41421217,0.050306983,0.5190483,0.3030696930306969,0.7025107615820697,False,10
9075,SNR,"substantia nigra, pars reticulata, left",6,16,0.4211469,0.48598182,0.0684959,-0.94655186,0.8297170282971703,0.9922007799220078,False,11
4322,Cl,"claustrum, left",6,33,0.41397446,0.35060272,0.04290643,1.4769756,0.06879312068793121,0.3649468386494684,False,12
4295,GPe,"globus pallidus, external segment, left",5,15,0.4049554,0.583734,0.07325637,-2.440451,0.9922007799220078,0.9922007799220078,False,13
9598,GiRt,"gigantocellular group, left",6,19,0.3949629,0.4374376,0.04876701,-0.8709717,0.8048195180481952,0.9922007799220078,False,14
9054,RN,"red nucleus, left",6,11,0.3887707,0.43009678,0.057787962,-0.71513295,0.7624237576242375,0.9922007799220078,False,15
4296,GPi,"globus pallidus, internal segment, left",6,11,0.33259723,0.50925547,0.075317115,-2.345526,0.9908009199080092,0.9922007799220078,False,16
4257,CA4,"CA4 field, left",6,20,0.2886205,0.12014547,0.06524891,2.582036,0.0059994000599940004,0.23787621237876214,False,17
4440,LGd,"dorsal lateral geniculate nucleus, left",6,13,0.26594427,0.13445143,0.057271633,2.2959507,0.011498850114988501,0.23787621237876214,False,18
9207,Pr5,"principal sensory nucleus of trigeminal nerve, left",4,6,0.26349247,0.24078491,0.052989513,0.42852917,0.3304669533046695,0.7114759112324062,False,19
9561,IO,"inferior olivary complex, left",6,21,0.26178274,0.19141111,0.06700605,1.050228,0.14658534146585342,0.5733426657334266,False,20
9137,6,"abducens nucleus, left",5,7,0.25349003,0.2754879,0.06411694,-0.34308982,0.6375362463753624,0.9894968130305611,False,21
4313,BST,"bed  nucleus of stria terminalis, left",4,5,0.24107356,0.19957146,0.0554069,0.74904215,0.22577742225777422,0.6740809789988743,False,22
9206,Mo5,"motor nucleus of trigeminal nerve, left",5,8,0.24071059,0.23713802,0.070151016,0.050926823,0.48125187481251874,0.8719712187197123,False,23
9677,Sp5,"spinal trigeminal nucleus, left",6,35,0.2388567,0.2341857,0.050798338,0.091951974,0.45825417458254175,0.8386051394860513,False,24
9614,LMRt,"lateral medullary reticular group, left",6,13,0.23191805,0.23600544,0.061882522,-0.066050775,0.5222477752224778,0.9016164421293721,False,25
9074,SNC,"substantia nigra, pars compacta, left",6,21,0.22623326,0.11923931,0.06238437,1.7150762,0.04229577042295771,0.297697153361587,False,26
9529,8Co,"cochlear nuclei, left",5,7,0.18995838,0.16096906,0.05671333,0.5111552,0.3020697930206979,0.7025107615820697,False,27
4782,Dt,"dentate nucleus, left",6,13,0.18522592,0.1657945,0.06497831,0.2990446,0.37736226377362264,0.7416598765655349,False,28
4409,DTLd,"lateral group of nuclei, left, dorsal division",6,13,0.18183236,0.09512587,0.04917169,1.7633417,0.0400959904009599,0.29350264973502643,False,29
4444,MG,"medial geniculate complex, left",5,9,0.17259684,0.07520549,0.052793715,1.8447528,0.033996600339966,0.29350264973502643,False,30
9143,7,"facial motor nucleus, left",5,11,0.17065579,0.20174865,0.07202341,-0.43170503,0.6699330066993301,0.9922007799220078,False,31
13008,LHT,"lateral hypothalamic area, tuberal region, left",4,4,0.16969793,0.13385154,0.048269898,0.742624,0.2283771622837716,0.6740809789988743,False,32
9558,12,"hypoglossal nucleus, left",4,9,0.16785596,0.16632073,0.0713278,0.021523682,0.48795120487951205,0.8754418675779482,False,33
4379,LA,"lateral nucleus, left",6,11,0.1488319,0.04762634,0.043604024,2.3210144,0.011398860113988602,0.23787621237876214,False,34
4244,PHG-l,"parahippocampal gyrus, left, lateral bank of gyrus",6,26,0.14622465,0.102497116,0.028618122,1.5279665,0.064993500649935,0.3649468386494684,False,35
9067,VTA,"ventral tegmental area, left",6,13,0.13311832,0.13388781,0.050771274,-0.015156128,0.5082491750824918,0.8858057051437714,False,36
9155,SubC,"nucleus subceruleus, left",5,8,0.12919992,0.15139571,0.05301305,-0.41868535,0.6652334766523348,0.9922007799220078,False,37
4106,SMG-s,"supramarginal gyrus, left, superior bank of gyrus",6,16,0.12491011,0.09407246,0.03143421,0.98102194,0.16498350164983502,0.5806150154215348,False,38
9161,PRF,"pontine reticular formation, left",6,16,0.110703975,0.13645126,0.046680853,-0.55155987,0.708029197080292,0.9922007799220078,False,39
4308,nbM,"basal nucleus of meynert, left",4,9,0.10374065,0.07665534,0.059257507,0.457078,0.32386761323867613,0.7055687288414015,False,40
4898,SRoG,"superior rostral gyrus, left",4,7,0.10105941,0.026624188,0.037647236,1.9771762,0.024397560243975602,0.29350264973502643,False,41
4160,FuG-cos,"fusiform gyrus, left, bank of cos",6,19,0.100490496,0.032479357,0.030981917,2.195188,0.0131986801319868,0.23787621237876214,False,42
4400,DTM,"medial group of nuclei, left",6,18,0.09845882,0.015594043,0.04389882,1.887631,0.0313968603139686,0.29350264973502643,False,43
9020,CnF,"cuneiform nucleus, left",4,7,0.09843013,0.058847595,0.051770955,0.76457024,0.22457754224577542,0.6740809789988743,False,44
9004,CGMB,"central gray substance of midbrain, left",5,18,0.084259436,0.04269886,0.048423402,0.8582746,0.19988001199880012,0.6640064807078614,False,45
9152,MPB,"medial parabrachial nucleus, left",5,9,0.07841472,0.08321809,0.04967738,-0.09669123,0.5387461253874612,0.902432484024325,False,46
4273,SIG,"short insular gyri, left",6,16,0.07501522,0.0029720142,0.029396294,2.450758,0.0072992700729927005,0.23787621237876214,False,47
4342,BLA,"basolateral nucleus, left",6,10,0.067029774,-0.012949214,0.054610997,1.4645216,0.07119288071192881,0.3649468386494684,False,48
4088,PoG-sl,"postcentral gyrus, left, superior lateral aspect of gyrus",6,21,0.060873616,0.09271522,0.03268226,-0.9742779,0.8313168683131686,0.9922007799220078,False,49
4395,DTA,"anterior group of nuclei, left",6,19,0.06058074,-0.026421247,0.048692614,1.7867594,0.03799620037996201,0.29350264973502643,False,50
4113,AnG-s,"angular gyrus, left, superior bank of gyrus",6,17,0.057627067,0.06404537,0.027791198,-0.23094732,0.5912408759124088,0.9500602571321816,False,51
4114,AnG-i,"angular gyrus, left, inferior bank of gyrus",6,18,0.056639288,0.020640343,0.028491579,1.2634941,0.10238976102389762,0.4684331566843316,False,52
4089,PoG-il,"postcentral gyrus, left, inferior lateral aspect of gyrus",5,13,0.054325677,0.094214685,0.029963631,-1.3312474,0.9109089091090891,0.9922007799220078,False,53
4224,CgGf-i,"cingulate gyrus, frontal part, left, inferior bank of gyrus",6,35,0.048435878,0.03563756,0.027348233,0.467976,0.31896810318968105,0.7055687288414015,False,54
4023,SFG-m,"superior frontal gyrus, left, medial bank of gyrus",6,43,0.04595051,0.0034158784,0.026185747,1.6243428,0.05449455054494551,0.343879405162932,False,55
4223,CgGf-s,"cingulate gyrus, frontal part, left, superior bank of gyrus",6,31,0.045934167,-0.0025002353,0.026046852,1.8595108,0.033396660333966606,0.29350264973502643,False,56
4098,SPL-s,"superior parietal lobule, left, superior bank of gyrus",6,19,0.045453206,0.047917806,0.027517226,-0.08956571,0.5355464453554645,0.902432484024325,False,57
4045,orIFG,"inferior frontal gyrus, orbital part, left",6,18,0.044691797,0.021083137,0.029416429,0.8025672,0.20627937206279373,0.6640064807078614,False,58
4142,MTG-s,"middle temporal gyrus, left, superior bank of gyrus",6,36,0.04338573,0.017345231,0.026505025,0.982474,0.1648835116488351,0.5806150154215348,False,59
4905,TP-m,"temporal pole, left, medial aspect",4,6,0.038309153,0.015183944,0.043052882,0.537135,0.29247075292470753,0.7025107615820697,False,60
9642,RaM,raphe nuclei of medulla,6,16,0.03822774,0.05698951,0.055545732,-0.33777156,0.6298370162983702,0.9894968130305611,False,61
4135,STG-l,"superior temporal gyrus, left, lateral bank of gyrus",6,27,0.033331815,0.008407606,0.030432362,0.81900346,0.20607939206079393,0.6640064807078614,False,62
4904,TP-i,"temporal pole, left, inferior aspect",4,6,0.029311256,-0.028492233,0.034185294,1.6908876,0.044795520447955206,0.2979987715514163,False,63
9492,Pn,"pontine nuclei, left",6,35,0.027815772,0.010458876,0.059241693,0.29298446,0.38906109389061094,0.7494545282313874,False,64
4256,CA3,"CA3 field, left",6,21,0.026487561,-0.109768845,0.07615839,1.7891189,0.0365963403659634,0.29350264973502643,False,65
9022,SubCn,"subcuneiform nucleus, left",5,6,0.02646687,0.13607061,0.054981243,-1.9934751,0.978002199780022,0.9922007799220078,False,66
4099,SPL-i,"superior parietal lobule, left, inferior bank of gyrus",6,23,0.023652552,-0.00449679,0.02826093,0.99605155,0.16108389161083891,0.5806150154215348,False,67
4169,TG,"transverse gyri, left",5,8,0.023391832,0.01840113,0.02651998,0.18818651,0.42905709429057093,0.8178900859914008,False,68
4120,Pcu-s,"precuneus, left, superior lateral bank of gyrus",6,20,0.02258037,-0.0013257832,0.029685901,0.8053032,0.21257874212578742,0.6640064807078614,False,69
9546,10,"dorsal motor nucleus of the vagus, left",4,10,0.021851134,-0.049385782,0.06682497,1.0660224,0.14478552144785523,0.5733426657334266,False,70
4149,ITG-its,"inferior temporal gyrus, left, bank of the its",6,33,0.021794908,-0.027385851,0.027192673,1.8086034,0.033896610338966106,0.29350264973502643,False,71
4159,FuG-l,"fusiform gyrus, left, lateral bank of gyrus",5,18,0.01922078,-0.03673282,0.031932406,1.7522513,0.0385961403859614,0.29350264973502643,False,72
4143,MTG-i,"middle temporal gyrus, left, inferior bank of gyrus",6,41,0.015272307,-0.005205261,0.025856247,0.7919776,0.21407859214078592,0.6640064807078614,False,73
4013,PrG-sl,"precentral gyrus, left, superior lateral aspect of gyrus",6,19,0.015036281,0.018635403,0.030075105,-0.11967114,0.541945805419458,0.902432484024325,False,74
4193,LiG-pest,"lingual gyrus, left, peristriate",6,29,0.01442835,0.04813542,0.028618084,-1.177824,0.8808119188081192,0.9922007799220078,False,75
4012,PrG-prc,"precentral gyrus, left, bank of the precentral sulcus",6,11,0.010850679,-0.016114246,0.026542012,1.0159338,0.15878412158784122,0.5806150154215348,False,76
4107,SMG-i,"supramarginal gyrus, left, inferior bank of gyrus",6,17,0.009501418,0.019609056,0.029104086,-0.34729275,0.6372362763723628,0.9894968130305611,False,77
4069,PaOG,"parolfactory gyri, left",5,7,0.009378477,-0.0035062453,0.034904607,0.369141,0.35776422357764226,0.7298936772989368,False,78
4428,DTP,"posterior group of nuclei, left",5,6,0.0046378565,-0.13992253,0.049758054,2.905266,0.0018998100189981002,0.17383261673832617,False,79
4042,opIFG,"inferior frontal gyrus, opercular part, left",4,8,0.004429987,0.009146186,0.031998884,-0.14738634,0.5572442755724427,0.9187000218897028,False,80
4301,SptN,"septal nuclei, left",5,10,0.003706614,0.01642294,0.05413723,-0.23489061,0.5918408159184082,0.9500602571321816,False,81
4178,PLP,"planum polare, left",6,18,0.0034504945,-0.013609,0.027351191,0.62372035,0.26517348265173485,0.6940597606905976,False,82
4158,FuG-its,"fusiform gyrus, left, bank of the its",6,20,0.0027318934,-0.05501156,0.028810678,2.004238,0.0202979702029797,0.26663047980916194,False,83
4063,SCG,"subcallosal cingulate gyrus, left",4,6,-0.0013678138,0.022926727,0.032269772,-0.7528575,0.7755224477552245,0.9922007799220078,False,84
4351,BMA,"basomedial nucleus, left",6,9,-0.008487754,-0.12379859,0.05652212,2.040101,0.020397960203979604,0.26663047980916194,False,85
4596,LHA,"lateral hypothalamic area, anterior region, left",4,4,-0.008621394,0.027357738,0.048442535,-0.7427178,0.7683231676832317,0.9922007799220078,False,86
4073,PCLa-s,"paracentral lobule, anterior part, left, superior bank of gyrus",5,14,-0.008964982,0.00988997,0.028354954,-0.66496146,0.7434256574342566,0.9922007799220078,False,87
4151,ITG-mts,"inferior temporal gyrus, left, bank of mts",6,30,-0.009285551,-0.047623187,0.025524428,1.5019978,0.0675932406759324,0.3649468386494684,False,88
4015,PrG-cs,"precentral gyrus, left, bank of the central sulcus",5,14,-0.01012255,0.0073360093,0.025345823,-0.68881404,0.7509249075092491,0.9922007799220078,False,89
4201,OTG-i,"occipito-temporal gyrus, left, inferior bank of gyrus",6,14,-0.011594863,-0.024644824,0.027888117,0.46793982,0.32196780321967805,0.7055687288414015,False,90
4215,SOG-i,"superior occipital gyrus, left, inferior bank of gyrus",5,11,-0.01322728,-0.0101989545,0.029004943,-0.10440723,0.5424457554244576,0.902432484024325,False,91
4172,PLT,"planum temporale, left",4,9,-0.014330626,-0.031896863,0.026408656,0.6651697,0.2548745125487451,0.6940597606905976,False,92
4208,IOG-i,"inferior occipital gyrus, left, inferior bank of gyrus",5,15,-0.014953547,-0.018760812,0.028148066,0.13525847,0.44065593440655937,0.8241645223232777,False,93
4231,CgGp-i,"cingulate gyrus, parietal part, left, inferior bank of gyrus",5,17,-0.01787768,-0.0023898224,0.024907373,-0.6218182,0.7362263773622638,0.9922007799220078,False,94
4230,CgGp-s,"cingulate gyrus, parietal part, left, superior bank of gyrus",6,18,-0.028736679,-0.02895143,0.02758407,0.007785356,0.49705029497050296,0.8831087765009907,False,95
4090,PoG-pcs,"postcentral gyrus, left, bank of the posterior central sulcus",5,10,-0.0313423,-0.051257312,0.0282712,0.7044275,0.2390760923907609,0.6940597606905976,False,96
4288,Pu,"putamen, left",6,48,-0.034138218,0.06716495,0.051953945,-1.9498647,0.9733026697330267,0.9922007799220078,False,97
4258,DG,"dentate gyrus, left",6,21,-0.039869443,-0.17887753,0.09302721,1.4942734,0.07029297070292971,0.3649468386494684,False,98
4245,PHG-cos,"parahippocampal gyrus, left, bank of the cos",6,20,-0.040387183,-0.10466231,0.028762473,2.2346869,0.0122987701229877,0.23787621237876214,False,99
4214,SOG-s,"superior occipital gyrus, left, superior bank of gyrus",6,13,-0.0420787,-0.045876663,0.026763896,0.14190622,0.4413558644135586,0.8241645223232777,False,100
4669,SuM,"supramammillary nucleus, left",4,4,-0.04660565,-0.12097485,0.061033215,1.2185038,0.11628837116288371,0.5066850457811362,False,101
4207,IOG-s,"inferior occipital gyrus, left, superior bank of gyrus",5,13,-0.05619587,-0.060342163,0.031601276,0.1312065,0.4480551944805519,0.8282232382822323,False,102
4024,SFG-l,"superior frontal gyrus, left, lateral bank of gyrus",6,40,-0.056218766,-0.10216206,0.026906947,1.7074883,0.04559544045595441,0.2979987715514163,False,103
13005,LHM,"lateral hypothalamic area, mammillary region, left",6,6,-0.057120107,-0.030422308,0.052131582,-0.51212335,0.6941305869413059,0.9922007799220078,False,104
4121,Pcu-i,"precuneus, left, inferior lateral bank of gyrus",6,22,-0.057805106,-0.0770932,0.028128136,0.6857224,0.24597540245975402,0.6940597606905976,False,105
4051,MOrG,"medial orbital gyrus, left",6,21,-0.061118428,-0.100273885,0.02835653,1.3808268,0.08159184081591841,0.3929291281398176,False,106
9146,LPB,"lateral parabrachial nucleus, left",5,7,-0.061413504,-0.04160647,0.05568811,-0.35567796,0.6380361963803619,0.9894968130305611,False,107
4079,fro,"frontal operculum, left",6,13,-0.0615031,-0.09844388,0.02732921,1.3516958,0.08849115088491151,0.41522770799843095,False,108
4200,OTG-s,"occipito-temporal gyrus, left, superior bank of gyrus",6,17,-0.062218104,-0.057189167,0.025879726,-0.19431956,0.5740425957404259,0.937944598397303,False,109
4901,IRoG,"inferior rostral gyrus, left",5,9,-0.06613325,-0.08304265,0.03067037,0.5513268,0.2900709929007099,0.7025107615820697,False,110
4432,ILr,"rostral group of intralaminar nuclei, left",6,15,-0.06859124,-0.126525,0.04581482,1.2645202,0.1070892910708929,0.47798390892618053,False,111
4186,Cun-pest,"cuneus, left, peristriate",6,19,-0.06986784,-0.0861311,0.031404518,0.51786375,0.30326967303269675,0.7025107615820697,False,112
4251,S,"subiculum, left",6,25,-0.071058206,-0.19703914,0.041187067,3.0587502,0.0007999200079992001,0.1463853614638536,False,113
9103,IC,"inferior colliculus, left",4,7,-0.07289039,-0.08894973,0.05409347,0.2968813,0.3768623137686231,0.7416598765655349,False,114
4194,LiG-str,"lingual gyrus, left, striate",6,25,-0.07407796,-0.032982238,0.03674333,-1.1184537,0.8672132786721328,0.9922007799220078,False,115
4150,ITG-l,"inferior temporal gyrus, left, lateral bank of gyrus",6,24,-0.079049096,-0.08949255,0.028802773,0.3625851,0.35896410358964104,0.7298936772989368,False,116
4031,MFG-i,"middle frontal gyrus, left, inferior bank of gyrus",6,30,-0.07987378,-0.0970224,0.028039157,0.61159545,0.2706729327067293,0.6940597606905976,False,117
4060,LOrG,"lateral orbital gyrus, left",6,15,-0.08052686,-0.090368494,0.024839591,0.39620763,0.34466553344665535,0.7249861220774475,False,118
4048,GRe,"gyrus rectus, left",6,20,-0.081794985,-0.13674973,0.030982839,1.7737156,0.0377962203779622,0.29350264973502643,False,119
4136,STG-i,"superior temporal gyrus, left, inferior bank of gyrus",6,28,-0.08297628,-0.09980519,0.026987009,0.623593,0.2676732326767323,0.6940597606905976,False,120
4087,PoG-cs,"postcentral gyrus, left, bank of the central sulcus",6,18,-0.08587826,-0.04437012,0.028633459,-1.4496378,0.9259074092590741,0.9922007799220078,False,121
4074,PCLa-i,"paracentral lobule, anterior part, left, inferior bank of gyrus",6,12,-0.09123738,-0.07900852,0.02731884,-0.44763473,0.6748325167483251,0.9922007799220078,False,122
4166,HG,"Heschl's gyrus, left",6,11,-0.093163654,-0.10805614,0.026219951,0.5679831,0.28517148285171484,0.7025107615820697,False,123
4903,TP-s,"temporal pole, left, superior aspect",5,8,-0.09843927,-0.16726524,0.036889985,1.8657087,0.029797020297970205,0.29350264973502643,False,124
4187,Cun-str,"cuneus, left, striate",6,16,-0.098621376,-0.043094203,0.035702012,-1.5552953,0.9411058894110589,0.9922007799220078,False,125
4270,LIG,"long insular gyri, left",6,17,-0.10054295,-0.14160416,0.026440883,1.5529438,0.0603939606039396,0.3649468386494684,False,126
4254,CA1,"CA1 field, left",6,24,-0.1010271,-0.25317007,0.063124135,2.4102187,0.007499250074992501,0.23787621237876214,False,127
4030,MFG-s,"middle frontal gyrus, left, superior bank of gyrus",6,33,-0.113784544,-0.14347444,0.026483456,1.1210735,0.13138686131386862,0.546449900464499,False,128
4367,COMA,"cortico-medial group, left",6,9,-0.13300708,-0.24517347,0.05308966,2.1127727,0.017598240175982403,0.26663047980916194,False,129
4014,PrG-il,"precentral gyrus, left, inferior lateral aspect of gyrus",6,18,-0.13868162,-0.17005032,0.029754369,1.0542554,0.14758524147585242,0.5733426657334266,False,130
4039,trIFG,"inferior frontal gyrus, triangular part, left",6,15,-0.14029731,-0.123548776,0.028716195,-0.5832434,0.7226277372262774,0.9922007799220078,False,131
9222,cc,corpus callosum,6,13,-0.14404486,0.12805472,0.12174656,-2.2349672,0.9851014898510149,0.9922007799220078,False,132
4280,HCd,"head of caudate nucleus, left",6,22,-0.15572637,-0.076700404,0.051685,-1.5289923,0.937006299370063,0.9922007799220078,False,133
4282,BCd,"body of caudate nucleus, left",6,25,-0.16302851,-0.06852041,0.0534263,-1.7689433,0.962003799620038,0.9922007799220078,False,134
4672,MM,"medial mammillary nucleus, left",4,6,-0.16401942,-0.20360148,0.06208054,0.6375921,0.2652734726527347,0.6940597606905976,False,135
4542,PrOR,"preoptic region, left",6,6,-0.16806142,-0.21098648,0.054122057,0.79311585,0.20927907209279073,0.6640064807078614,False,136
9520,Arc,"arcuate nucleus of medulla, left",6,18,-0.17426322,-0.23560278,0.059422914,1.0322543,0.1503849615038496,0.5733426657334266,False,137
4329,ATZ,"amygdalohippocampal transition zone, left",6,7,-0.17602436,-0.29575613,0.053880427,2.2221756,0.014298570142985701,0.23787621237876214,False,138
4360,CeA,"central nucleus, left",6,8,-0.17700298,-0.19315773,0.05285925,0.30561826,0.37606239376062395,0.7416598765655349,False,139
4641,DMH,"dorsomedial hypothalamic nucleus, left",4,5,-0.18242559,-0.19777131,0.053326108,0.28777128,0.38096190380961903,0.7416598765655349,False,140
4735,He-IV,"IV, left, lateral hemisphere",4,8,-0.18299375,-0.12342808,0.07914048,-0.75265753,0.7706229377062294,0.9922007799220078,False,141
4718,PV-III,"III, left, paravermis",4,7,-0.19403113,-0.08907813,0.075849935,-1.3836927,0.9159084091590841,0.9922007799220078,False,142
4708,Ve-VIIB,VIIB,4,7,-0.20074485,-0.08617082,0.078721516,-1.4554348,0.9274072592740726,0.9922007799220078,False,143
9115,SC,"superior colliculus, left",4,6,-0.20701198,-0.17808253,0.041670058,-0.69425046,0.7536246375362464,0.9922007799220078,False,144
4255,CA2,"CA2 field, left",6,19,-0.21117115,-0.3847813,0.07579011,2.2906704,0.012398760123987601,0.23787621237876214,False,145
9149,LC,"locus ceruleus, left",4,9,-0.21386777,-0.24520554,0.064131536,0.48864833,0.3170682931706829,0.7055687288414015,False,146
4701,Ve-III,III,4,9,-0.21929139,-0.117608495,0.075619556,-1.344664,0.9115088491150884,0.9922007799220078,False,147
4738,He-VI,"VI, left, lateral hemisphere",6,15,-0.2265149,-0.10659019,0.08178777,-1.4662915,0.9287071292870713,0.9922007799220078,False,148
4291,Acb,"nucleus accumbens, left",6,13,-0.2306001,-0.19292326,0.052848767,-0.71291804,0.7623237676232377,0.9922007799220078,False,149
4710,Ve-VIIIB,VIIIB,4,7,-0.2466678,-0.13396092,0.07521838,-1.4983956,0.9355064493550644,0.9922007799220078,False,150
4705,Ve-VI,VI,4,7,-0.24854508,-0.11587649,0.07616765,-1.741797,0.9603039696030397,0.9922007799220078,False,151
4281,TCd,"tail of caudate nucleus, left",6,15,-0.24861676,-0.18572637,0.058759414,-1.0703031,0.8577142285771423,0.9922007799220078,False,152
10145,OlfT,"olfactory tubercle, left",4,5,-0.24970764,-0.27011704,0.04842,0.42150775,0.3364663533646635,0.7159691007643421,False,153
4675,LM,"lateral mammillary nucleus, left",4,4,-0.26551658,-0.31403247,0.077122614,0.6290747,0.2643735626437356,0.6940597606905976,False,154
4702,Ve-IV,IV,4,7,-0.26940048,-0.14361481,0.078080095,-1.6109824,0.9503049695030497,0.9922007799220078,False,155
4719,PV-IV,"IV, left, paravermis",5,9,-0.26967153,-0.17665972,0.0801445,-1.1605513,0.8767123287671232,0.9922007799220078,False,156
4593,SO,"supraoptic nucleus, left",5,6,-0.27524173,-0.3204866,0.085348666,0.5301181,0.2953704629537046,0.7025107615820697,False,157
4728,PV-IX,"IX, left, paravermis",5,9,-0.2752924,-0.15264362,0.08321864,-1.4738138,0.928907109289071,0.9922007799220078,False,158
4637,VMH,"ventromedial hypothalamic nucleus, left",5,6,-0.2775601,-0.34385663,0.056211643,1.179409,0.1202879712028797,0.5119232262820229,False,159
4311,DBh,"nucleus of the diagonal band, left, vertical division",4,4,-0.27783468,-0.30566344,0.055828277,0.49847057,0.30996900309969005,0.7055687288414015,False,160
4679,PHA,"posterior hypothalamic area, left",6,7,-0.27808213,-0.31061685,0.05366846,0.6062167,0.27307269273072693,0.6940597606905976,False,161
4310,DBv,"nucleus of the diagonal band, left, horizontal division",4,5,-0.29288492,-0.3329401,0.05857699,0.6838041,0.24687531246875313,0.6940597606905976,False,162
4573,PVH,"paraventricular nucleus of the hypothalamus, left",5,7,-0.29446068,-0.29283053,0.063097425,-0.025835559,0.5023497650234976,0.8839423749932699,False,163
4741,He-VIIB,"VIIB, left, lateral hemisphere",6,15,-0.3128075,-0.20907998,0.08503533,-1.2198167,0.887011298870113,0.9922007799220078,False,164
4709,Ve-VIIIA,VIIIA,4,7,-0.31629863,-0.20253533,0.082012825,-1.3871404,0.9172082791720828,0.9922007799220078,False,165
4727,PV-VIIIB,"VIIIB, left, paravermis",5,8,-0.31805733,-0.20623155,0.07363603,-1.5186285,0.9367063293670633,0.9922007799220078,False,166
4703,Ve-V,V,4,8,-0.3186734,-0.19654147,0.080623746,-1.5148382,0.9347065293470653,0.9922007799220078,False,167
4722,PV-VI,"VI, left, paravermis",6,11,-0.32861087,-0.20831226,0.08142212,-1.4774684,0.9321067893210679,0.9922007799220078,False,168
4720,PV-V,"V, left, paravermis",6,11,-0.34013736,-0.21860969,0.07964175,-1.5259292,0.9355064493550644,0.9922007799220078,False,169
4743,He-VIIIB,"VIIIB, left, lateral hemisphere",4,7,-0.3460345,-0.21445677,0.088642195,-1.484369,0.9319068093190681,0.9922007799220078,False,170
4739,He-Crus I,"Crus I, left, lateral hemisphere",6,19,-0.35048753,-0.23762852,0.082874745,-1.3618022,0.9119088091190881,0.9922007799220078,False,171
4723,PV-Crus I,"Crus I, left, paravermis",6,11,-0.35294378,-0.25430763,0.08141939,-1.2114577,0.8867113288671132,0.9922007799220078,False,172
4724,PV-Crus II,"Crus II, left, paravermis",5,9,-0.35392103,-0.2310832,0.08515644,-1.4424961,0.9251074892510749,0.9922007799220078,False,173
4667,TM,"tuberomammillary nucleus, left",4,4,-0.3549086,-0.44691777,0.06279759,1.4651706,0.07179282071792821,0.3649468386494684,False,174
4736,He-V,"V, left, lateral hemisphere",4,10,-0.35587886,-0.2607648,0.07813437,-1.2173138,0.8888111188881112,0.9922007799220078,False,175
4725,PV-VIIB,"VIIB, left, paravermis",6,11,-0.36654645,-0.24853687,0.08062566,-1.4636728,0.929007099290071,0.9922007799220078,False,176
4740,He-Crus II,"Crus II, left, lateral hemisphere",6,17,-0.3682254,-0.26418445,0.0849314,-1.2249998,0.8872112788721128,0.9922007799220078,False,177
4742,He-VIIIA,"VIIIA, left, lateral hemisphere",5,13,-0.36928165,-0.23556523,0.0851381,-1.5705826,0.9424057594240576,0.9922007799220078,False,178
4711,Ve-IX,IX,4,7,-0.3732909,-0.2293198,0.080798745,-1.7818482,0.9646035396460354,0.9922007799220078,False,179
4726,PV-VIIIA,"VIIIA, left, paravermis",5,9,-0.3799011,-0.2603974,0.084608376,-1.4124335,0.921007899210079,0.9922007799220078,False,180
4648,PeF,"perifornical nucleus, left",4,5,-0.39027375,-0.4120211,0.059479214,0.36562943,0.35806419358064195,0.7298936772989368,False,181
10151,LTu,"lateral tuberal nucleus, left",4,4,-0.39414644,-0.48307544,0.06351515,1.4001226,0.0790920907909209,0.39118520580374394,False,182
4707,Ve-VIIAt,VIIAt,4,7,-0.4064479,-0.3117559,0.08676555,-1.0913547,0.8608139186081392,0.9922007799220078,False,183
