gene_symbol,probe_id,probe_name,total_detected_samples,total_samples,overall_detection_rate,number_of_donors_present,donors_with_detection_rate_at_least_0_5,reliable_probe
APOE,1059132,A_23_P164650,3700,3702,0.9994597514856834,6,6,True
APOE,1059133,A_32_P93036,3638,3702,0.9827120475418692,6,6,True
APOE,1067762,A_24_P788772,3700,3702,0.9994597514856834,6,6,True
ARHGEF2,1019068,A_23_P51699,3459,3702,0.9343598055105349,6,6,True
ARHGEF2,1048871,CUST_8958_PI416261804,3254,3702,0.8789843327930849,6,6,True
ASH1L,1041471,A_23_P63083,3084,3702,0.833063209076175,6,6,True
ASH1L,1041472,A_24_P367666,3699,3702,0.9991896272285251,6,6,True
ASNS,1026103,A_23_P145694,3700,3702,0.9994597514856834,6,6,True
ASNS,1026104,CUST_11527_PI416261804,3700,3702,0.9994597514856834,6,6,True
ASXL3,1015239,A_32_P389544,2372,3702,0.6407347379794706,6,6,True
ASXL3,1015423,A_32_P386298,2839,3702,0.7668827660723933,6,6,True
ASXL3,1016305,A_23_P381746,3260,3702,0.8806050783360346,6,6,True
BAG3,1048474,A_23_P52552,3608,3702,0.9746083198271205,6,6,True
BAG3,1048475,A_23_P47077,3458,3702,0.9340896812533765,6,6,True
BBS9,1022575,A_23_P82351,3701,3702,0.9997298757428417,6,6,True
BBS9,1022576,CUST_9548_PI416261804,2920,3702,0.788762830902215,6,6,True
BCKDK,1011486,A_23_P3823,3699,3702,0.9991896272285251,6,6,True
BCKDK,1019002,A_23_P365149,3339,3702,0.9019448946515397,6,6,True
BCL9,1058854,A_23_P382602,3695,3702,0.998109130199892,6,6,True
BCL9,1058855,CUST_9885_PI416261804,2727,3702,0.7366288492706645,6,5,True
BIN3,1041427,A_23_P43086,3650,3702,0.9859535386277688,6,6,True
BIN3,1041428,A_24_P115443,2916,3702,0.7876823338735819,6,6,True
BIN3,1041429,A_24_P115450,3152,3702,0.8514316585629389,6,6,True
BRD3,1050009,A_23_P216689,3678,3702,0.993517017828201,6,6,True
BRD3,1050010,A_24_P32887,3700,3702,0.9994597514856834,6,6,True
BRIP1,1037918,A_23_P15844,157,3702,0.04240950837385197,6,0,False
BST1,1058746,A_23_P7325,713,3702,0.19259859535386278,6,0,False
BST1,1058747,CUST_14605_PI416261804,805,3702,0.21745002701242572,6,0,False
C5ORF24,1015240,A_24_P337504,3702,3702,1.0,6,6,True
C5ORF24,1020488,A_23_P433829,3597,3702,0.9716369529983793,6,6,True
CAB39L,1011604,A_24_P56363,3690,3702,0.9967585089141004,6,6,True
CAB39L,1020073,A_23_P204879,3696,3702,0.9983792544570502,6,6,True
CAMK2D,1013642,A_32_P47988,3667,3702,0.9905456509994598,6,6,True
CAMK2D,1017819,A_23_P144458,3700,3702,0.9994597514856834,6,6,True
CAMK2D,1027100,A_32_P168660,733,3702,0.19800108049702864,6,0,False
CAMK2D,1027101,A_24_P114739,3702,3702,1.0,6,6,True
CAPN13,1036609,A_23_P101972,3375,3702,0.9116693679092382,6,6,True
CAPN13,1036610,A_24_P336983,1899,3702,0.5129659643435981,6,4,True
CARS2,1039201,A_23_P128624,3700,3702,0.9994597514856834,6,6,True
CARS2,1039202,A_23_P117238,3174,3702,0.8573743922204214,6,6,True
CC2D2A,1011388,A_23_P413285,2704,3702,0.7304159913560238,6,6,True
CC2D2A,1018275,A_23_P348383,3322,3702,0.8973527822798487,6,6,True
CCDC62,1029581,A_24_P338585,970,3702,0.26202052944354404,6,0,False
CCDC62,1029582,A_23_P2258,112,3702,0.030253916801728797,6,0,False
CCDC85A,1014186,CUST_186_PI416261804,3571,3702,0.9646137223122636,6,6,True
CCDC85A,1017604,A_23_P349566,3648,3702,0.9854132901134521,6,6,True
CCT3,1029523,A_23_P160631,3700,3702,0.9994597514856834,6,6,True
CCT3,1029524,CUST_10350_PI416261804,3682,3702,0.9945975148568341,6,6,True
CD19,1058473,A_23_P113572,1976,3702,0.5337655321447866,6,4,True
CD19,1058474,CUST_9454_PI416261804,1837,3702,0.4962182603997839,6,3,False
CHRNB1,1058196,A_23_P207106,3362,3702,0.9081577525661805,6,6,True
CHRNB1,1058197,A_24_P27627,112,3702,0.030253916801728797,6,0,False
CLCN3,1025182,A_23_P124476,3696,3702,0.9983792544570502,6,6,True
CLCN3,1025183,CUST_179_PI416408490,3693,3702,0.9975688816855753,6,6,True
CLCN3,1025184,A_24_P402847,3701,3702,0.9997298757428417,6,6,True
CNOT6L,1033005,A_24_P291680,3330,3702,0.899513776337115,6,6,True
CNOT6L,1033006,A_24_P690285,3628,3702,0.9800108049702864,6,6,True
CNOT6L,1033007,A_23_P110304,3699,3702,0.9991896272285251,6,6,True
CNTN1,1058103,A_23_P390700,3693,3702,0.9975688816855753,6,6,True
CNTN1,1058104,CUST_11199_PI416261804,3696,3702,0.9983792544570502,6,6,True
COL3A1,1058092,A_24_P935491,32,3702,0.00864397622906537,6,0,False
COL3A1,1058093,A_23_P142533,954,3702,0.2576985413290113,6,0,False
COL3A1,1058094,A_32_P226656,15,3702,0.004051863857374392,6,0,False
COL3A1,1058095,A_24_P402242,143,3702,0.03862776877363587,6,0,False
COMMD1,1034390,A_23_P389525,3699,3702,0.9991896272285251,6,6,True
COMMD1,1034391,A_32_P131562,3696,3702,0.9983792544570502,6,6,True
CRLS1,1020322,A_23_P400435,3699,3702,0.9991896272285251,6,6,True
CTSB,1030215,A_24_P397928,3700,3702,0.9994597514856834,6,6,True
CTSB,1030216,A_23_P215944,3699,3702,0.9991896272285251,6,6,True
CTSB,1030217,A_24_P303770,3695,3702,0.998109130199892,6,6,True
DCST1,1014309,CUST_9442_PI416261804,87,3702,0.023500810372771474,6,0,False
DCST1,1018959,A_23_P341527,449,3702,0.12128579146407348,6,0,False
DCST1,1034485,CUST_9441_PI416261804,44,3702,0.011885467314964884,6,0,False
DCUN1D1,1042987,A_24_P166012,3693,3702,0.9975688816855753,6,6,True
DCUN1D1,1060966,A_23_P144151,3688,3702,0.9962182603997839,6,6,True
DDRGK1,1039498,A_23_P403971,3694,3702,0.9978390059427337,6,6,True
DDRGK1,1039499,CUST_7515_PI416261804,3695,3702,0.998109130199892,6,6,True
DGKQ,1057741,A_23_P132932,3409,3702,0.9208535926526202,6,6,True
DGKQ,1057742,CUST_10884_PI416261804,10,3702,0.002701242571582928,6,0,False
DIRC1,1036088,A_23_P131139,3700,3702,0.9994597514856834,6,6,True
DIRC1,1036089,CUST_8549_PI416261804,23,3702,0.006212857914640735,6,0,False
DLG2,1011473,A_32_P229618,3690,3702,0.9967585089141004,6,6,True
DLG2,1014060,A_23_P422872,3290,3702,0.8887088060507834,6,6,True
DLG2,1015299,A_23_P124514,3692,3702,0.9972987574284171,6,6,True
DLG2,1020078,CUST_234_PI416408490,3559,3702,0.9613722312263642,6,6,True
DNAH17,1029339,CUST_3091_PI416261804,22,3702,0.005942733657482442,6,0,False
DNAH17,1029340,A_24_P195272,1808,3702,0.4883846569421934,6,3,False
DNASE1L1,1057592,A_24_P6305,1366,3702,0.368989735278228,6,3,False
DNASE1L1,1057593,A_23_P85164,3566,3702,0.9632631010264722,6,6,True
DNM1L,1026402,A_23_P204324,3688,3702,0.9962182603997839,6,6,True
DNM1L,1026403,A_24_P176044,3667,3702,0.9905456509994598,6,6,True
DNM1L,1026404,A_24_P743907,3698,3702,0.9989195029713668,6,6,True
DPP6,1021964,A_23_P170888,3700,3702,0.9994597514856834,6,6,True
DPP6,1021965,A_24_P6552,3696,3702,0.9983792544570502,6,6,True
DPP6,1021966,CUST_238_PI416408490,3280,3702,0.8860075634792004,6,6,True
DPP6,1025983,A_32_P175900,3234,3702,0.873581847649919,6,6,True
DYRK1A,1026233,A_23_P211126,3691,3702,0.9970286331712588,6,6,True
DYRK1A,1026234,A_24_P62169,3639,3702,0.9829821717990276,6,6,True
DYRK1A,1026235,A_24_P322753,3655,3702,0.9873041599135602,6,6,True
ELOVL7,1014431,A_24_P32473,3621,3702,0.9781199351701783,6,6,True
ELOVL7,1017481,A_23_P359277,3612,3702,0.9756888168557536,6,6,True
FAM171A2,1013916,CUST_986_PI416573500,1513,3702,0.40869800108049703,6,3,False
FAM171A2,1017989,CUST_1017_PI416379584,2805,3702,0.7576985413290114,6,6,True
FAM47E,1011673,CUST_8421_PI416261804,2860,3702,0.7725553754727175,6,6,True
FAM47E,1015924,A_32_P83811,3580,3702,0.9670448406266883,6,6,True
FASN,1057064,A_23_P44132,3430,3702,0.9265262020529443,6,6,True
FASN,1057065,CUST_14284_PI416261804,1126,3702,0.3041599135602377,6,1,False
FBRSL1,1014256,A_24_P280497,3702,3702,1.0,6,6,True
FBRSL1,1015696,A_23_P368934,3700,3702,0.9994597514856834,6,6,True
FCGR2A,1019379,A_23_P85716,3319,3702,0.8965424095083738,6,6,True
FCGR2B,1026970,A_23_P34644,123,3702,0.03322528363047002,6,0,False
FCGR2B,1026971,CUST_14535_PI416261804,509,3702,0.13749324689357104,6,1,False
FCGR3B,1057035,CUST_15193_PI416261804,1772,3702,0.47866018368449487,6,2,False
FGD4,1035818,A_24_P158946,3699,3702,0.9991896272285251,6,6,True
FGD4,1035819,A_24_P914639,34,3702,0.009184224743381956,6,0,False
FGD4,1064628,A_24_P937325,2036,3702,0.5499729875742841,6,4,True
FYN,1029625,A_23_P502142,3700,3702,0.9994597514856834,6,6,True
FYN,1029626,CUST_16124_PI416261804,3697,3702,0.9986493787142086,6,6,True
FYN,1029627,CUST_268_PI416408490,3688,3702,0.9962182603997839,6,6,True
GAK,1056538,A_24_P397150,3689,3702,0.9964883846569422,6,6,True
GAK,1056539,A_23_P155700,3557,3702,0.9608319827120475,6,6,True
GALNT14,1039165,A_23_P67847,3683,3702,0.9948676391139925,6,6,True
GALNT14,1039166,CUST_16508_PI416261804,3308,3702,0.8935710426796326,6,6,True
GALNT9,1013164,CUST_7775_PI416261804,3430,3702,0.9265262020529443,6,6,True
GALNT9,1013937,CUST_7778_PI416261804,2125,3702,0.5740140464613722,6,5,True
GALNT9,1018522,A_23_P252462,3441,3702,0.9294975688816856,6,6,True
GALNT9,1063388,CUST_3779_PI416261804,926,3702,0.25013506212857917,6,0,False
GBF1,1049375,A_23_P161237,3700,3702,0.9994597514856834,6,6,True
GBF1,1049376,CUST_12730_PI416261804,2029,3702,0.5480821177741761,6,4,True
GCH1,1029868,A_24_P167642,609,3702,0.16450567260940033,6,0,False
GCH1,1029869,CUST_15355_PI416261804,290,3702,0.07833603457590492,6,0,False
GCH1,1029901,CUST_15354_PI416261804,1313,3702,0.35467314964883845,6,2,False
GCH1,1030010,CUST_15352_PI416261804,525,3702,0.14181523500810372,6,0,False
GCH1,1056474,A_23_P163079,110,3702,0.02971366828741221,6,0,False
GJA5,1024400,A_23_P371729,23,3702,0.006212857914640735,6,0,False
GJA5,1024401,CUST_4734_PI416261804,307,3702,0.0829281469475959,6,0,False
GJA5,1056413,CUST_9601_PI416261804,98,3702,0.026472177201512695,6,0,False
GPM6B,1023580,CUST_1352_PI416379584,3700,3702,0.9994597514856834,6,6,True
GPM6B,1056269,A_23_P378416,3697,3702,0.9986493787142086,6,6,True
GPM6B,1056270,CUST_15339_PI416261804,3697,3702,0.9986493787142086,6,6,True
GPM6B,1056271,CUST_15338_PI416261804,3697,3702,0.9986493787142086,6,6,True
GPNMB,1024151,A_23_P134426,3172,3702,0.8568341437061048,6,6,True
GPNMB,1024152,CUST_16436_PI416261804,198,3702,0.05348460291734198,6,0,False
GPR65,1049669,A_23_P14564,59,3702,0.015937331172339277,6,0,False
GPR65,1049670,CUST_14959_PI416261804,120,3702,0.03241491085899514,6,0,False
GPRIN3,1021672,A_24_P76649,1656,3702,0.4473257698541329,6,2,False
GPRIN3,1021673,CUST_390_PI416261804,1798,3702,0.48568341437061047,6,2,False
GUSBP2,1010976,A_32_P92654,3700,3702,0.9994597514856834,6,6,True
HEATR6,1040127,A_23_P77965,3424,3702,0.9249054565099946,6,6,True
HEATR6,1040128,CUST_1458_PI416261804,3237,3702,0.8743922204213939,6,6,True
HIP1R,1049068,A_23_P398294,3700,3702,0.9994597514856834,6,6,True
HIP1R,1049069,A_24_P229164,3692,3702,0.9972987574284171,6,6,True
HLA-DQA1,1018703,CUST_4646_PI416261804,23,3702,0.006212857914640735,6,0,False
HLA-DQA1,1021190,A_24_P326084,607,3702,0.16396542409508374,6,1,False
HLA-DQA1,1055658,A_24_P196827,1337,3702,0.3611561318206375,6,2,False
HLA-DQA1,1055659,CUST_3141_PI416261804,2513,3702,0.6788222582387898,6,3,True
HLA-DQA1,1055660,A_24_P393230,21,3702,0.005672609400324149,6,0,False
HLA-DQB1,1055654,A_23_P136683,2134,3702,0.5764451647757969,6,3,True
HLA-DQB1,1055655,A_24_P239676,437,3702,0.11804430037817396,6,0,False
HLA-DRA,1055652,A_32_P115555,1057,3702,0.2855213398163155,6,2,False
HLA-DRA,1055653,A_32_P87697,3126,3702,0.8444084278768234,6,5,True
HLA-DRB1,1055650,A_24_P343233,3700,3702,0.9994597514856834,6,6,True
HLA-DRB1,1055651,A_23_P31006,3542,3702,0.9567801188546732,6,6,True
INPP5F,1046229,A_24_P4426,3675,3702,0.9927066450567261,6,6,True
INPP5F,1046230,A_23_P35684,3700,3702,0.9994597514856834,6,6,True
IP6K2,1030752,A_23_P301133,3698,3702,0.9989195029713668,6,6,True
IP6K2,1030753,A_23_P301138,3702,3702,1.0,6,6,True
IP6K2,1030791,A_23_P6836,3582,3702,0.9675850891410048,6,6,True
IP6K2,1030792,CUST_13640_PI416261804,3691,3702,0.9970286331712588,6,6,True
IQCJ,1021047,CUST_1164_PI416379584,1064,3702,0.28741220961642355,6,0,False
IQCJ,1021142,CUST_1165_PI416379584,1829,3702,0.49405726634251756,6,3,False
IQCJ,1021143,CUST_1127_PI416573500,2204,3702,0.5953538627768774,6,4,True
IQCJ,1021144,CUST_1128_PI416573500,1999,3702,0.5399783900594274,6,4,True
IQCJ-SCHIP1,1044119,A_32_P62863,3701,3702,0.9997298757428417,6,6,True
IQCJ-SCHIP1,1044120,CUST_10207_PI416261804,3702,3702,1.0,6,6,True
IRS2,1049467,A_24_P207003,3696,3702,0.9983792544570502,6,6,True
IRS2,1049468,A_23_P53838,3182,3702,0.8595353862776878,6,6,True
IRS2,1049469,A_24_P154037,3700,3702,0.9994597514856834,6,6,True
ITGA2B,1054940,A_23_P77971,2209,3702,0.5967044840626688,6,5,True
ITGA2B,1054941,A_24_P65373,1365,3702,0.3687196110210697,6,1,False
ITGA8,1049617,A_23_P46781,2737,3702,0.7393300918422474,6,6,True
ITGA8,1049618,CUST_5678_PI416261804,3033,3702,0.8192868719611021,6,6,True
ITGAE,1054931,A_23_P218375,3405,3702,0.919773095623987,6,6,True
ITGAE,1054932,CUST_13181_PI416261804,3537,3702,0.9554294975688817,6,6,True
ITIH1,1054912,A_23_P18223,374,3702,0.10102647217720151,6,0,False
ITIH1,1054913,A_24_P136905,3692,3702,0.9972987574284171,6,6,True
ITPKB,1054898,A_23_P372255,3700,3702,0.9994597514856834,6,6,True
ITPKB,1054899,CUST_7737_PI416261804,3582,3702,0.9675850891410048,6,6,True
KCNIP3,1022417,A_23_P356004,3698,3702,0.9989195029713668,6,6,True
KCNIP3,1022418,CUST_382_PI416408490,3656,3702,0.9875742841707186,6,6,True
KCNIP3,1022419,CUST_11026_PI416261804,2276,3702,0.6148028092922745,6,6,True
KCNN3,1027249,A_23_P126167,3568,3702,0.9638033495407887,6,6,True
KCNN3,1027250,CUST_15116_PI416261804,3112,3702,0.8406266882766072,6,6,True
KCNN3,1027251,CUST_15115_PI416261804,2881,3702,0.7782279848730416,6,6,True
KCNS3,1054772,A_23_P120103,3622,3702,0.9783900594273366,6,6,True
KCNS3,1054773,CUST_405_PI416408490,2928,3702,0.7909238249594813,6,6,True
KCNS3,1054774,CUST_6474_PI416261804,141,3702,0.03808752025931929,6,0,False
KLHDC1,1035775,A_23_P422766,3432,3702,0.9270664505672609,6,6,True
KLHDC1,1035776,A_32_P164513,3694,3702,0.9978390059427337,6,6,True
KLHL7,1025738,A_23_P324994,3615,3702,0.9764991896272285,6,6,True
KLHL7,1025739,A_24_P295050,3664,3702,0.9897352782279849,6,6,True
KLHL7,1063321,A_23_P215517,3264,3702,0.8816855753646677,6,6,True
KNTC1,1048212,A_23_P136817,3269,3702,0.8830361966504592,6,6,True
KNTC1,1048213,CUST_6725_PI416261804,3389,3702,0.9154511075094544,6,6,True
KPNA1,1015121,CUST_209_PI417507815,3696,3702,0.9983792544570502,6,6,True
KPNA1,1020579,A_23_P351055,3560,3702,0.9616423554835224,6,6,True
KPNA3,1054722,A_23_P139950,3699,3702,0.9991896272285251,6,6,True
KPNA3,1054723,CUST_9760_PI416261804,3668,3702,0.990815775256618,6,6,True
KRTCAP2,1033536,A_23_P149249,3700,3702,0.9994597514856834,6,6,True
KRTCAP2,1033537,CUST_1126_PI416261804,3699,3702,0.9991896272285251,6,6,True
KTN1,1011820,CUST_10474_PI416261804,3702,3702,1.0,6,6,True
KTN1,1017307,A_23_P106131,3700,3702,0.9994597514856834,6,6,True
KTN1,1054651,CUST_10471_PI416261804,3538,3702,0.95569962182604,6,6,True
LAMP3,1044682,A_23_P29773,15,3702,0.004051863857374392,6,0,False
LAMP3,1044683,CUST_14290_PI416261804,23,3702,0.006212857914640735,6,0,False
LHFPL2,1047730,A_23_P255104,3659,3702,0.9883846569421935,6,6,True
LHFPL2,1047731,A_24_P349092,1816,3702,0.49054565099945974,6,2,False
LINC00326,1012240,CUST_11595_PI416261804,46,3702,0.01242571582928147,6,0,False
LINC00326,1017951,A_24_P601831,19,3702,0.005132360886007563,6,0,False
LMNA,1023738,A_24_P162718,3668,3702,0.990815775256618,6,6,True
LMNA,1023739,CUST_15490_PI416261804,1907,3702,0.5151269584008644,6,4,True
LMNA,1054551,A_23_P34835,3699,3702,0.9991896272285251,6,6,True
LRP1B,1043072,A_23_P5342,3671,3702,0.9916261480280929,6,6,True
LRP1B,1043073,CUST_16397_PI416261804,3663,3702,0.9894651539708266,6,6,True
LRP8,1024086,CUST_439_PI416408490,3671,3702,0.9916261480280929,6,6,True
LRP8,1050104,A_23_P200222,3697,3702,0.9986493787142086,6,6,True
LRP8,1050105,A_23_P34325,3641,3702,0.9835224203133441,6,6,True
LRRC37A4P,1015072,A_32_P5571,3624,3702,0.9789303079416531,6,6,True
LRRC37A4P,1015124,A_24_P238143,3700,3702,0.9994597514856834,6,6,True
LRRC37A4P,1015247,A_24_P666482,3679,3702,0.9937871420853592,6,6,True
LRRC37A4P,1015252,A_23_P4101,3509,3702,0.9478660183684495,6,6,True
LRRC37A4P,1020297,A_24_P579984,3700,3702,0.9994597514856834,6,6,True
LRRC37A4P,1022598,CUST_4146_PI416261804,3671,3702,0.9916261480280929,6,6,True
LRRC37A4P,1070359,A_32_P116481,2498,3702,0.6747703943814155,6,5,True
LRRK2,1022614,A_23_P128447,3699,3702,0.9991896272285251,6,6,True
LRRK2,1022615,CUST_15588_PI416261804,3594,3702,0.9708265802269044,6,6,True
LRRK2,1022616,CUST_442_PI416408490,2978,3702,0.804430037817396,6,6,True
LRRN2,1024046,A_23_P11843,3700,3702,0.9994597514856834,6,6,True
LRRN2,1024047,CUST_1890_PI416261804,1197,3702,0.3233387358184765,6,1,False
LRRN2,1047393,CUST_1370_PI416261804,888,3702,0.23987034035656402,6,0,False
MAP4K4,1030502,A_23_P90804,3694,3702,0.9978390059427337,6,6,True
MAP4K4,1030503,A_24_P157165,3688,3702,0.9962182603997839,6,6,True
MAP4K4,1030504,A_23_P108604,3700,3702,0.9994597514856834,6,6,True
MAP4K4,1030505,A_23_P102192,3699,3702,0.9991896272285251,6,6,True
MAPT,1010837,A_24_P224488,3685,3702,0.995407887628309,6,6,True
MAPT,1012542,A_32_P143793,385,3702,0.10399783900594273,6,0,False
MAPT,1014908,A_23_P207699,3600,3702,0.9724473257698542,6,6,True
MAPT,1020634,CUST_449_PI416408490,3697,3702,0.9986493787142086,6,6,True
MAPT-AS1,1063807,A_24_P127174,3702,3702,1.0,6,6,True
MBNL2,1026724,A_24_P56317,3701,3702,0.9997298757428417,6,6,True
MBNL2,1026725,A_23_P204979,3692,3702,0.9972987574284171,6,6,True
MCCC1,1041094,A_23_P58036,3695,3702,0.998109130199892,6,6,True
MCCC1,1041095,CUST_7712_PI416261804,2052,3702,0.5542949756888168,6,4,True
MED12L,1036005,A_32_P701268,3300,3702,0.8914100486223663,6,6,True
MED12L,1036006,CUST_12507_PI416261804,3033,3702,0.8192868719611021,6,6,True
MED13,1047969,A_23_P27247,3567,3702,0.9635332252836305,6,6,True
MED13,1047970,A_24_P17077,3702,3702,1.0,6,6,True
METTL13,1029408,A_23_P201672,3702,3702,1.0,6,6,True
METTL13,1029409,A_23_P201676,3138,3702,0.8476499189627229,6,6,True
MIPOL1,1034741,A_23_P300867,3563,3702,0.9624527282549973,6,6,True
MIPOL1,1034742,CUST_10377_PI416261804,3540,3702,0.9562398703403565,6,6,True
MMRN1,1046181,A_23_P18539,20,3702,0.005402485143165856,6,0,False
MMRN1,1046182,CUST_12208_PI416261804,75,3702,0.02025931928687196,6,0,False
MORN1,1038820,A_24_P165205,2431,3702,0.6566720691518099,6,5,True
MORN1,1038821,CUST_89_PI416261804,2798,3702,0.7558076715289033,6,5,True
MRPL1,1039604,A_23_P84821,3598,3702,0.9719070772555376,6,6,True
MRPL1,1039605,CUST_5113_PI416261804,3700,3702,0.9994597514856834,6,6,True
MSR1,1023451,A_24_P372223,600,3702,0.1620745542949757,6,0,False
MSR1,1023452,A_23_P216176,261,3702,0.07050243111831442,6,0,False
MSR1,1023453,CUST_15763_PI416261804,665,3702,0.17963263101026472,6,0,False
MSR1,1054033,A_23_P392942,284,3702,0.07671528903295516,6,0,False
MTF2,1046288,A_23_P46333,3698,3702,0.9989195029713668,6,6,True
MTF2,1046289,CUST_2197_PI416261804,3701,3702,0.9997298757428417,6,6,True
MUC12,1015514,CUST_4556_PI416261804,2478,3702,0.6693679092382496,6,4,True
MUC12,1025233,CUST_4201_PI416261804,42,3702,0.011345218800648298,6,0,False
MUC12,1025234,CUST_4195_PI416261804,20,3702,0.005402485143165856,6,0,False
MUC12,1025235,CUST_4182_PI416261804,285,3702,0.07698541329011345,6,0,False
MUC12,1047868,CUST_4614_PI416261804,11,3702,0.002971366828741221,6,0,False
MUC19,1069887,A_23_P434374,48,3702,0.012965964343598054,6,0,False
MYLK2,1037087,A_23_P80008,3669,3702,0.9910858995137763,6,6,True
MYLK2,1037088,CUST_9194_PI416261804,461,3702,0.12452728254997299,6,0,False
NDUFAF2,1036662,A_32_P49555,3700,3702,0.9994597514856834,6,6,True
NDUFAF2,1036663,A_23_P360983,3700,3702,0.9994597514856834,6,6,True
NDUFAF2,1036664,A_23_P345942,3700,3702,0.9994597514856834,6,6,True
NOD2,1039983,A_23_P420863,457,3702,0.12344678552133982,6,0,False
NOD2,1039984,CUST_15993_PI416261804,7,3702,0.0018908698001080498,6,0,False
NOL4,1049390,A_23_P416766,3615,3702,0.9764991896272285,6,6,True
NOL4,1049391,A_32_P126733,3678,3702,0.993517017828201,6,6,True
NRBP1,1044129,A_23_P165442,3518,3702,0.9502971366828741,6,6,True
NRBP1,1044130,CUST_684_PI416261804,2793,3702,0.7544570502431118,6,5,True
NSF,1053553,A_23_P15714,3700,3702,0.9994597514856834,6,6,True
NSF,1053554,A_24_P221634,3700,3702,0.9994597514856834,6,6,True
NUCKS1,1039781,A_24_P374652,3699,3702,0.9991896272285251,6,6,True
NUCKS1,1039782,A_24_P145122,3695,3702,0.998109130199892,6,6,True
NUCKS1,1039783,A_23_P149724,3700,3702,0.9994597514856834,6,6,True
NUCKS1,1039784,A_24_P925222,3432,3702,0.9270664505672609,6,6,True
NUCKS1,1039785,A_24_P919789,280,3702,0.075634792004322,6,0,False
NUCKS1,1039786,A_24_P216968,3700,3702,0.9994597514856834,6,6,True
NUCKS1,1039787,A_24_P216964,3702,3702,1.0,6,6,True
P2RX5,1029745,A_23_P433785,3170,3702,0.8562938951917882,6,6,True
P2RX5,1029961,CUST_6425_PI416261804,3202,3702,0.8649378714208535,6,6,True
P2RX5,1029962,A_23_P413760,2768,3702,0.7477039438141545,6,6,True
PAM,1053360,A_23_P213678,3700,3702,0.9994597514856834,6,6,True
PAM,1053361,A_32_P121944,775,3702,0.20934629929767692,6,0,False
PAM,1053362,A_24_P97703,3637,3702,0.9824419232847109,6,6,True
PAM,1053363,A_24_P933704,3680,3702,0.9940572663425176,6,6,True
PARP9,1012605,CUST_13710_PI416261804,540,3702,0.1458670988654781,6,0,False
PARP9,1014893,CUST_1245_PI416379584,1771,3702,0.4783900594273366,6,3,False
PARP9,1017969,A_23_P69383,2128,3702,0.5748244192328471,6,4,True
PARP9,1019052,CUST_1206_PI416573500,1416,3702,0.3824959481361426,6,2,False
PBXIP1,1040725,A_24_P79808,3650,3702,0.9859535386277688,6,6,True
PCGF3,1047531,A_24_P388632,3694,3702,0.9978390059427337,6,6,True
PCGF3,1047532,A_23_P396777,1995,3702,0.5388978930307942,6,4,True
PCGF3,1047533,A_24_P566968,2770,3702,0.7482441923284711,6,6,True
PCGF3,1047534,A_23_P21346,3530,3702,0.9535386277687736,6,6,True
PDE5A,1023660,A_24_P911678,1803,3702,0.48703403565640196,6,2,False
PDE5A,1029314,A_23_P500844,1705,3702,0.46056185845488923,6,3,False
PDE5A,1029315,CUST_11485_PI416261804,2672,3702,0.7217720151269584,6,6,True
PDGFB,1025515,A_24_P339944,3588,3702,0.9692058346839546,6,6,True
PDGFB,1025516,CUST_14345_PI416261804,3073,3702,0.8300918422474338,6,6,True
PDLIM2,1030473,CUST_1291_PI416379584,3700,3702,0.9994597514856834,6,6,True
PDLIM2,1030474,CUST_14277_PI416261804,3682,3702,0.9945975148568341,6,6,True
PDLIM2,1030475,CUST_1251_PI416573500,3698,3702,0.9989195029713668,6,6,True
PDLIM2,1030506,A_24_P160380,25,3702,0.00675310642895732,6,0,False
PDLIM2,1030507,A_23_P20285,3208,3702,0.8665586169638033,6,6,True
PDLIM2,1063413,A_24_P290609,2728,3702,0.7368989735278229,6,6,True
PIK3CA,1053064,A_23_P92057,3661,3702,0.98892490545651,6,6,True
PIK3CA,1053065,CUST_15807_PI416261804,3698,3702,0.9989195029713668,6,6,True
PITPNM2,1040522,A_23_P403542,1454,3702,0.3927606699081578,6,2,False
PITPNM2,1040523,A_23_P401361,3229,3702,0.8722312263641275,6,6,True
PKP2,1028774,A_23_P162466,3061,3702,0.8268503511615343,6,6,True
PKP2,1028775,CUST_14247_PI416261804,1749,3702,0.47244732576985415,6,4,False
PKP2,1068149,A_24_P133288,977,3702,0.2639113992436521,6,1,False
PLEKHM1,1014469,A_23_P164112,1674,3702,0.4521880064829822,6,2,False
PLEKHM1,1015773,A_23_P152727,3701,3702,0.9997298757428417,6,6,True
PLEKHM1,1019528,A_24_P49514,2040,3702,0.5510534846029174,6,3,True
PLEKHM1,1020046,CUST_9651_PI416261804,3700,3702,0.9994597514856834,6,6,True
PMVK,1047114,A_23_P114774,3700,3702,0.9994597514856834,6,6,True
PMVK,1047115,CUST_16745_PI416261804,3580,3702,0.9670448406266883,6,6,True
PRDM15,1021358,CUST_4340_PI416261804,999,3702,0.2698541329011345,6,1,False
PRDM15,1021359,A_24_P194337,418,3702,0.1129119394921664,6,0,False
PRDM15,1021360,CUST_2069_PI416261804,69,3702,0.018638573743922204,6,0,False
PRDM15,1065382,A_32_P145989,8,3702,0.0021609940572663426,6,0,False
RAB25,1040843,A_23_P115091,50,3702,0.01350621285791464,6,0,False
RAB25,1040844,CUST_10373_PI416261804,46,3702,0.01242571582928147,6,0,False
RABEP2,1038854,A_23_P61100,3492,3702,0.9432739059967585,6,6,True
RABEP2,1038855,CUST_5307_PI416261804,3396,3702,0.9173419773095624,6,6,True
RBMS3,1027165,A_32_P228618,3699,3702,0.9991896272285251,6,6,True
RBMS3,1027166,A_23_P10995,2516,3702,0.6796326310102647,6,6,True
RBMS3,1027167,A_24_P359942,3604,3702,0.9735278227984873,6,6,True
RILPL2,1033620,A_23_P76109,3680,3702,0.9940572663425176,6,6,True
RILPL2,1033621,CUST_2047_PI416261804,3400,3702,0.9184224743381956,6,6,True
RIMS1,1046115,A_23_P432110,3394,3702,0.9168017287952458,6,6,True
RIMS1,1046116,CUST_13778_PI416261804,3686,3702,0.9956780118854673,6,6,True
RIMS2,1013694,A_23_P147786,3686,3702,0.9956780118854673,6,6,True
RIMS2,1014746,A_24_P222000,3446,3702,0.930848190167477,6,6,True
RIMS2,1015006,A_24_P332816,3597,3702,0.9716369529983793,6,6,True
RIMS2,1020609,CUST_38_PI416408490,3695,3702,0.998109130199892,6,6,True
RIT1,1052172,A_23_P316601,3669,3702,0.9910858995137763,6,6,True
RIT1,1052174,A_23_P115052,2245,3702,0.6064289573203674,6,4,True
RIT2,1052175,A_23_P170050,3609,3702,0.9748784440842788,6,6,True
RIT2,1052176,CUST_6645_PI416261804,3672,3702,0.9918962722852512,6,6,True
RNF141,1043920,A_24_P372625,3700,3702,0.9994597514856834,6,6,True
RNF141,1043922,A_23_P139066,3700,3702,0.9994597514856834,6,6,True
RORA,1024340,A_23_P26124,3699,3702,0.9991896272285251,6,6,True
RORA,1024341,A_32_P7721,3697,3702,0.9986493787142086,6,6,True
RPL10,1052085,A_23_P217666,3700,3702,0.9994597514856834,6,6,True
RPL10,1052086,A_24_P754803,3700,3702,0.9994597514856834,6,6,True
RPL10,1052087,A_32_P161166,3678,3702,0.993517017828201,6,6,True
RPL13AP3,1012847,CUST_162_PI417507815,3700,3702,0.9994597514856834,6,6,True
RPL3,1052118,A_23_P68942,3702,3702,1.0,6,6,True
RPL3,1052119,A_32_P176344,3338,3702,0.9016747703943814,6,6,True
RPS6KL1,1038074,A_24_P219108,2297,3702,0.6204754186925986,6,4,True
RPS6KL1,1038075,A_24_P153547,3492,3702,0.9432739059967585,6,6,True
SCARB2,1058448,A_23_P386514,3699,3702,0.9991896272285251,6,6,True
SCARB2,1058449,A_24_P54879,3686,3702,0.9956780118854673,6,6,True
SCN2A,1022204,CUST_547_PI416408490,3624,3702,0.9789303079416531,6,6,True
SCN2A,1022205,A_23_P51019,3696,3702,0.9983792544570502,6,6,True
SCN2A,1022206,CUST_16292_PI416261804,3580,3702,0.9670448406266883,6,6,True
SCN2A,1022207,CUST_548_PI416408490,3694,3702,0.9978390059427337,6,6,True
SEC23IP,1046486,A_23_P202602,3688,3702,0.9962182603997839,6,6,True
SEC23IP,1046487,A_24_P227017,3319,3702,0.8965424095083738,6,6,True
SEMA4A,1039940,A_23_P23438,3498,3702,0.9448946515397083,6,6,True
SEMA4A,1039941,CUST_863_PI416261804,667,3702,0.1801728795245813,6,0,False
SETD1A,1023898,A_23_P129678,2387,3702,0.644786601836845,6,5,True
SETD1A,1023899,CUST_10043_PI416261804,2491,3702,0.6728795245813074,6,6,True
SH2B1,1013795,CUST_11979_PI416261804,2384,3702,0.6439762290653701,6,5,True
SH2B1,1019011,A_24_P185029,3308,3702,0.8935710426796326,6,6,True
SH3GL2,1051629,A_23_P169351,3682,3702,0.9945975148568341,6,6,True
SH3GL2,1051630,CUST_10871_PI416261804,3646,3702,0.9848730415991356,6,6,True
SIPA1L2,1040561,A_23_P137470,3694,3702,0.9978390059427337,6,6,True
SIPA1L2,1040562,CUST_5402_PI416261804,3697,3702,0.9986493787142086,6,6,True
SLC25A44,1048289,CUST_7482_PI416261804,1265,3702,0.3417071853052404,6,1,False
SLC25A44,1048290,CUST_3312_PI416261804,3055,3702,0.8252296056185845,6,6,True
SLC25A44,1048291,A_24_P312325,3668,3702,0.990815775256618,6,6,True
SLC2A13,1036278,A_23_P10211,3695,3702,0.998109130199892,6,6,True
SLC2A13,1036279,A_32_P199801,3699,3702,0.9991896272285251,6,6,True
SLC2A13,1036280,A_24_P924816,1430,3702,0.38627768773635873,6,2,False
SLC38A1,1011006,A_24_P261734,3699,3702,0.9991896272285251,6,6,True
SLC38A1,1020708,A_23_P363399,3698,3702,0.9989195029713668,6,6,True
SLC41A1,1032909,A_24_P122732,3694,3702,0.9978390059427337,6,6,True
SLC41A1,1032910,A_23_P368182,80,3702,0.021609940572663425,6,0,False
SLC44A4,1038467,A_23_P93349,23,3702,0.006212857914640735,6,0,False
SLC44A4,1038468,A_24_P684183,27,3702,0.007293354943273906,6,0,False
SMAD4,1054430,A_23_P27346,3567,3702,0.9635332252836305,6,6,True
SMAD4,1054431,CUST_15879_PI416261804,2467,3702,0.6663965424095084,6,5,True
SNCA,1010655,A_32_P109653,3700,3702,0.9994597514856834,6,6,True
SNCA,1020182,A_23_P29939,3697,3702,0.9986493787142086,6,6,True
SORBS2,1029199,A_23_P121795,3673,3702,0.9921663965424095,6,6,True
SORBS2,1029200,A_24_P140475,3427,3702,0.9257158292814694,6,6,True
SORBS2,1068745,A_24_P912136,3565,3702,0.9629929767693138,6,6,True
SPATA19,1033264,A_23_P430718,242,3702,0.06537007023230686,6,0,False
SPATA19,1033265,CUST_214_PI416261804,35,3702,0.00945434900054025,6,0,False
SPATA6,1042808,A_23_P327483,3531,3702,0.953808752025932,6,6,True
SPATA6,1042809,CUST_107_PI416261804,3644,3702,0.984332793084819,6,6,True
SPPL2B,1013582,A_32_P161447,3687,3702,0.9959481361426256,6,6,True
SPPL2B,1019980,A_23_P79066,3700,3702,0.9994597514856834,6,6,True
SPTSSB,1021818,A_32_P199551,2701,3702,0.7296056185845489,6,6,True
SPTSSB,1021819,CUST_1107_PI416261804,2048,3702,0.5532144786601837,6,3,True
STK39,1044446,A_23_P90762,3699,3702,0.9991896272285251,6,6,True
STK39,1044447,A_24_P19544,3692,3702,0.9972987574284171,6,6,True
STX1B,1036371,A_23_P152462,3694,3702,0.9978390059427337,6,6,True
STX1B,1036372,CUST_12338_PI416261804,3694,3702,0.9978390059427337,6,6,True
SV2C,1025369,CUST_882_PI416379584,3592,3702,0.9702863317125878,6,6,True
SV2C,1025370,CUST_853_PI416573500,3268,3702,0.882766072393301,6,6,True
SV2C,1025371,CUST_618_PI416408490,3217,3702,0.868989735278228,6,6,True
SYT10,1031929,A_23_P13866,2645,3702,0.7144786601836844,6,6,True
SYT10,1031930,CUST_1388_PI416261804,2279,3702,0.6156131820637494,6,5,True
SYT17,1043121,A_23_P163697,3687,3702,0.9959481361426256,6,6,True
SYT17,1043122,CUST_636_PI416408490,3652,3702,0.9864937871420854,6,6,True
SYT17,1043123,CUST_1342_PI416261804,3558,3702,0.9611021069692058,6,6,True
SYT4,1051007,A_23_P208030,3686,3702,0.9956780118854673,6,6,True
SYT4,1051008,CUST_639_PI416408490,3669,3702,0.9910858995137763,6,6,True
SYT4,1051009,CUST_10907_PI416261804,3684,3702,0.9951377633711507,6,6,True
TAC1,1028377,CUST_16410_PI416261804,3087,3702,0.8338735818476499,6,6,True
TAC1,1029249,CUST_2040_PI417557136,3427,3702,0.9257158292814694,6,6,True
TAC1,1029250,CUST_2039_PI417557136,3518,3702,0.9502971366828741,6,6,True
TAC1,1029251,CUST_2038_PI417557136,3291,3702,0.8889789303079416,6,6,True
TAC1,1029252,A_24_P38290,3117,3702,0.8419773095623987,6,6,True
TAC1,1029253,CUST_2037_PI417557136,3093,3702,0.8354943273905997,6,6,True
TAC1,1029254,CUST_2036_PI417557136,2866,3702,0.7741761210156672,6,6,True
TAC1,1029255,CUST_2035_PI417557136,3199,3702,0.8641274986493788,6,6,True
TAC1,1029256,CUST_25_PI416558205,3271,3702,0.8835764451647758,6,6,True
TAC1,1029257,CUST_26_PI416558205,3332,3702,0.9000540248514317,6,6,True
TAC1,1029258,CUST_2034_PI417557136,2983,3702,0.8057806591031874,6,6,True
TAC1,1029261,CUST_16403_PI416261804,2898,3702,0.7828200972447326,6,6,True
TAC1,1051004,A_23_P215283,3184,3702,0.8600756347920043,6,6,True
TBC1D5,1011556,A_24_P289029,3694,3702,0.9978390059427337,6,6,True
TBC1D5,1020243,A_23_P355455,3257,3702,0.8797947055645597,6,6,True
TBXAS1,1019912,A_32_P212886,3048,3702,0.8233387358184765,6,6,True
TBXAS1,1028035,A_24_P274814,3603,3702,0.973257698541329,6,6,True
TBXAS1,1028036,CUST_16570_PI416261804,52,3702,0.014046461372231226,6,0,False
TEKT4,1034403,CUST_4578_PI416261804,362,3702,0.097784981091302,6,0,False
TEKT4,1034404,A_32_P231179,2926,3702,0.7903835764451648,6,5,True
TEKT4,1034405,CUST_1909_PI416261804,614,3702,0.1658562938951918,6,0,False
TIAL1,1022190,A_23_P161488,3690,3702,0.9967585089141004,6,6,True
TIAL1,1022191,CUST_7506_PI416261804,3681,3702,0.9943273905996759,6,6,True
TIAL1,1022192,CUST_7505_PI416261804,3670,3702,0.9913560237709347,6,6,True
TMEM108,1039492,A_23_P254688,3691,3702,0.9970286331712588,6,6,True
TMEM108,1039493,A_24_P71781,3388,3702,0.915180983252296,6,6,True
TMEM108,1061880,A_24_P51016,24,3702,0.006482982171799027,6,0,False
TMEM163,1038292,A_23_P39550,3030,3702,0.8184764991896273,6,6,True
TMEM163,1038293,CUST_8542_PI416261804,2414,3702,0.6520799567801189,6,5,True
TMEM175,1037692,A_23_P58148,3701,3702,0.9997298757428417,6,6,True
TMEM175,1037693,CUST_588_PI416261804,3700,3702,0.9994597514856834,6,6,True
TPM1,1029651,A_32_P89709,3650,3702,0.9859535386277688,6,6,True
TPM1,1029652,A_23_P391586,3699,3702,0.9991896272285251,6,6,True
TPM1,1029653,A_23_P206018,3672,3702,0.9918962722852512,6,6,True
TPM1,1029654,A_24_P44462,3403,3702,0.9192328471096705,6,6,True
TPM1,1029722,CUST_14757_PI416261804,3680,3702,0.9940572663425176,6,6,True
TPM1,1030777,A_23_P363344,3694,3702,0.9978390059427337,6,6,True
TPM1,1030778,CUST_14754_PI416261804,3205,3702,0.8657482441923284,6,6,True
TRIM40,1035144,A_23_P402778,94,3702,0.025391680172879523,6,0,False
TRIM40,1035145,CUST_2217_PI416261804,212,3702,0.05726634251755808,6,0,False
TRIM46,1038649,A_23_P46215,1363,3702,0.3681793625067531,6,2,False
TRIM46,1038650,CUST_934_PI416261804,59,3702,0.015937331172339277,6,0,False
TRIM46,1061310,A_23_P46222,3607,3702,0.9743381955699622,6,6,True
TXNDC15,1038974,A_23_P41777,3700,3702,0.9994597514856834,6,6,True
TXNDC15,1038975,CUST_10984_PI416261804,3688,3702,0.9962182603997839,6,6,True
UBAP2,1041521,A_23_P60472,3690,3702,0.9967585089141004,6,6,True
UBAP2,1041522,CUST_1497_PI416261804,1826,3702,0.4932468935710427,6,4,False
UBQLN4,1041134,A_23_P201059,3443,3702,0.9300378173960021,6,6,True
UBQLN4,1041135,CUST_5053_PI416261804,2251,3702,0.6080497028633172,6,5,True
UBTF,1011311,A_24_P349616,3087,3702,0.8338735818476499,6,6,True
UBTF,1020229,A_23_P100779,3533,3702,0.9543490005402485,6,6,True
USP50,1031669,CUST_309_PI416573500,14,3702,0.0037817396002160996,6,0,False
USP50,1031670,CUST_317_PI416379584,65,3702,0.01755807671528903,6,0,False
USP8,1014451,CUST_10386_PI416261804,3689,3702,0.9964883846569422,6,6,True
USP8,1019894,A_23_P129058,3576,3702,0.965964343598055,6,6,True
VAMP4,1022872,A_23_P61569,3471,3702,0.9376012965964343,6,6,True
VAMP4,1022873,CUST_4744_PI416261804,3654,3702,0.9870340356564019,6,6,True
VAMP4,1063422,A_24_P942030,3317,3702,0.8960021609940573,6,6,True
VN1R10P,1037931,A_23_P300087,71,3702,0.01917882225823879,6,0,False
VN1R10P,1037932,CUST_1700_PI416261804,30,3702,0.008103727714748784,6,0,False
WDHD1,1024873,A_23_P25873,2722,3702,0.7352782279848731,6,6,True
WDHD1,1024874,CUST_10452_PI416261804,2926,3702,0.7903835764451648,6,6,True
WDHD1,1067761,A_32_P148602,49,3702,0.013236088600756347,6,0,False
WDR41,1042082,A_23_P259521,3675,3702,0.9927066450567261,6,6,True
WDR41,1042083,CUST_289_PI416261804,3663,3702,0.9894651539708266,6,6,True
WNT3,1050353,A_23_P130158,3699,3702,0.9991896272285251,6,6,True
WNT3,1050354,CUST_10005_PI416261804,66,3702,0.017828200972447326,6,0,False
WWOX,1025804,A_23_P206413,3627,3702,0.979740680713128,6,6,True
WWOX,1025805,CUST_16920_PI416261804,3701,3702,0.9997298757428417,6,6,True
WWOX,1043133,A_23_P83368,3700,3702,0.9994597514856834,6,6,True
WWOX,1043134,A_23_P71972,3693,3702,0.9975688816855753,6,6,True
WWOX,1043135,A_24_P116606,2954,3702,0.797947055645597,6,6,True
WWOX,1043136,CUST_16727_PI416261804,3700,3702,0.9994597514856834,6,6,True
XPO1,1050310,A_32_P92714,1111,3702,0.3001080497028633,6,1,False
XPO1,1050311,A_23_P40078,3687,3702,0.9959481361426256,6,6,True
ZNF322,1039074,CUST_2383_PI416261804,3128,3702,0.8449486763911399,6,6,True
ZNF322,1039075,A_32_P206293,3700,3702,0.9994597514856834,6,6,True
ZNF608,1025964,A_23_P169978,3664,3702,0.9897352782279849,6,6,True
ZNF608,1025965,CUST_10363_PI416261804,3406,3702,0.9200432198811453,6,6,True
