SNPS,P-VALUE,MAPPED_GENE,cleaned_gene_symbol,STUDY ACCESSION,PUBMEDID
rs429358,2e-15,APOE,APOE,GCST90270129,36348503
rs429358,3e-13,APOE,APOE,GCST011037,33111402
rs429358,1e-10,APOE,APOE,GCST90709787,38849413
rs429358,1e-08,APOE,APOE,GCST011039,33111402
rs10821545,5e-08,BRD3 - ARF4P1,ARF4P1,GCST90624185,40299300
rs10821552,5e-08,BRD3 - ARF4P1,ARF4P1,GCST90624185,40299300
rs10821554,5e-08,BRD3 - ARF4P1,ARF4P1,GCST90624185,40299300
rs10821555,5e-08,BRD3 - ARF4P1,ARF4P1,GCST90624185,40299300
rs10821556,5e-08,BRD3 - ARF4P1,ARF4P1,GCST90624185,40299300
rs10993918,5e-08,BRD3 - ARF4P1,ARF4P1,GCST90624185,40299300
rs12377089,5e-08,BRD3 - ARF4P1,ARF4P1,GCST90624185,40299300
rs12380892,5e-08,BRD3 - ARF4P1,ARF4P1,GCST90624185,40299300
rs138047589,5e-08,BRD3 - ARF4P1,ARF4P1,GCST90624185,40299300
rs140803269,5e-08,BRD3 - ARF4P1,ARF4P1,GCST90624185,40299300
rs145587141,5e-08,BRD3 - ARF4P1,ARF4P1,GCST90624185,40299300
rs148398679,5e-08,BRD3 - ARF4P1,ARF4P1,GCST90624185,40299300
rs150430050,5e-08,BRD3 - ARF4P1,ARF4P1,GCST90624185,40299300
rs2078778,5e-08,BRD3 - ARF4P1,ARF4P1,GCST90624185,40299300
rs549613294,5e-08,BRD3 - ARF4P1,ARF4P1,GCST90624185,40299300
rs9657703,5e-08,BRD3 - ARF4P1,ARF4P1,GCST90624185,40299300
rs9657704,5e-08,BRD3 - ARF4P1,ARF4P1,GCST90624185,40299300
rs142792919,5e-08,BRD3 - ARF4P1,ARF4P1,GCST90624185,40299300
rs145845084,5e-08,BRD3 - ARF4P1,ARF4P1,GCST90624185,40299300
rs146585356,5e-08,BRD3 - ARF4P1,ARF4P1,GCST90624185,40299300
rs148939577,5e-08,BRD3 - ARF4P1,ARF4P1,GCST90624185,40299300
rs10821545,5e-08,BRD3 - ARF4P1,ARF4P1,GCST90624186,40299300
rs12377089,5e-08,BRD3 - ARF4P1,ARF4P1,GCST90624186,40299300
rs140803269,5e-08,BRD3 - ARF4P1,ARF4P1,GCST90624186,40299300
rs138047589,5e-08,BRD3 - ARF4P1,ARF4P1,GCST90624186,40299300
rs145587141,5e-08,BRD3 - ARF4P1,ARF4P1,GCST90624186,40299300
rs10993918,5e-08,BRD3 - ARF4P1,ARF4P1,GCST90624186,40299300
rs150430050,5e-08,BRD3 - ARF4P1,ARF4P1,GCST90624186,40299300
rs10821556,5e-08,BRD3 - ARF4P1,ARF4P1,GCST90624186,40299300
rs148398679,5e-08,BRD3 - ARF4P1,ARF4P1,GCST90624186,40299300
rs142792919,5e-08,BRD3 - ARF4P1,ARF4P1,GCST90624186,40299300
rs146585356,5e-08,BRD3 - ARF4P1,ARF4P1,GCST90624186,40299300
rs148939577,5e-08,BRD3 - ARF4P1,ARF4P1,GCST90624186,40299300
rs145845084,5e-08,BRD3 - ARF4P1,ARF4P1,GCST90624186,40299300
rs17686238,8e-27,RNA5SP443 - ARHGAP27,ARHGAP27,GCST009325,31701892
rs8327,4e-11,ARHGAP27,ARHGAP27,GCST90308590,38155330
rs71628699,4e-36,ARHGEF2,ARHGEF2,GCST90428733,37842648
rs2696524,4e-19,ARL17B,ARL17B,GCST90892629,42336304
rs12734374,4e-68,ASH1L,ASH1L,GCST90308590,38155330
rs116540837,2e-53,ASH1L,ASH1L,GCST90428733,37842648
rs145330152,1e-09,ASH1L,ASH1L,GCST012431,34064523
rs138045074,2e-08,ASH1L,ASH1L,GCST90828116,41810385
rs145274312,3e-09,TAC1 - ASNS,ASNS,GCST90709786,38849413
rs144847051,4e-21,ASS1P14 - SYT10,ASS1P14,GCST003984,27182965
rs138895122,6e-12,ASS1P14 - SYT10,ASS1P14,GCST010991,32201043
rs8091977,4e-09,ASXL3 - NOL4,ASXL3,GCST90308590,38155330
rs1941685,2e-08,ASXL3,ASXL3,GCST009325,31701892
rs2269906,6e-10,"UBTF, ATXN7L3-AS1",ATXN7L3-AS1,GCST009325,31701892
rs144814361,2e-12,BAG3,BAG3,GCST010991,32201043
rs72840788,2e-11,BAG3,BAG3,GCST009325,31701892
rs78294974,4e-08,BBS9,BBS9,GCST90270129,36348503
rs14235,2e-12,BCKDK,BCKDK,GCST002544,25064009
rs14235,5e-12,BCKDK,BCKDK,GCST004902,28892059
rs373616374,6e-09,BCL9,BCL9,GCST90651411,40465716
rs77669894,4e-08,BICD1-AS1,BICD1-AS1,GCST010991,32201043
rs2280104,1e-08,BIN3,BIN3,GCST009325,31701892
rs2280104,3e-08,BIN3,BIN3,GCST004902,28892059
rs7027509,2e-08,BRD3,BRD3,GCST90624185,40299300
rs10821545,5e-08,BRD3 - ARF4P1,BRD3,GCST90624185,40299300
rs10821552,5e-08,BRD3 - ARF4P1,BRD3,GCST90624185,40299300
rs10821554,5e-08,BRD3 - ARF4P1,BRD3,GCST90624185,40299300
rs10821555,5e-08,BRD3 - ARF4P1,BRD3,GCST90624185,40299300
rs10821556,5e-08,BRD3 - ARF4P1,BRD3,GCST90624185,40299300
rs10993905,5e-08,BRD3,BRD3,GCST90624185,40299300
rs10993918,5e-08,BRD3 - ARF4P1,BRD3,GCST90624185,40299300
rs12377089,5e-08,BRD3 - ARF4P1,BRD3,GCST90624185,40299300
rs12380892,5e-08,BRD3 - ARF4P1,BRD3,GCST90624185,40299300
rs138047589,5e-08,BRD3 - ARF4P1,BRD3,GCST90624185,40299300
rs140803269,5e-08,BRD3 - ARF4P1,BRD3,GCST90624185,40299300
rs145587141,5e-08,BRD3 - ARF4P1,BRD3,GCST90624185,40299300
rs148398679,5e-08,BRD3 - ARF4P1,BRD3,GCST90624185,40299300
rs150430050,5e-08,BRD3 - ARF4P1,BRD3,GCST90624185,40299300
rs2078778,5e-08,BRD3 - ARF4P1,BRD3,GCST90624185,40299300
rs549613294,5e-08,BRD3 - ARF4P1,BRD3,GCST90624185,40299300
rs9657703,5e-08,BRD3 - ARF4P1,BRD3,GCST90624185,40299300
rs9657704,5e-08,BRD3 - ARF4P1,BRD3,GCST90624185,40299300
rs142792919,5e-08,BRD3 - ARF4P1,BRD3,GCST90624185,40299300
rs145845084,5e-08,BRD3 - ARF4P1,BRD3,GCST90624185,40299300
rs146585356,5e-08,BRD3 - ARF4P1,BRD3,GCST90624185,40299300
rs148939577,5e-08,BRD3 - ARF4P1,BRD3,GCST90624185,40299300
rs10821545,5e-08,BRD3 - ARF4P1,BRD3,GCST90624186,40299300
rs12377089,5e-08,BRD3 - ARF4P1,BRD3,GCST90624186,40299300
rs140803269,5e-08,BRD3 - ARF4P1,BRD3,GCST90624186,40299300
rs138047589,5e-08,BRD3 - ARF4P1,BRD3,GCST90624186,40299300
rs145587141,5e-08,BRD3 - ARF4P1,BRD3,GCST90624186,40299300
rs10993918,5e-08,BRD3 - ARF4P1,BRD3,GCST90624186,40299300
rs150430050,5e-08,BRD3 - ARF4P1,BRD3,GCST90624186,40299300
rs10821556,5e-08,BRD3 - ARF4P1,BRD3,GCST90624186,40299300
rs148398679,5e-08,BRD3 - ARF4P1,BRD3,GCST90624186,40299300
rs142792919,5e-08,BRD3 - ARF4P1,BRD3,GCST90624186,40299300
rs146585356,5e-08,BRD3 - ARF4P1,BRD3,GCST90624186,40299300
rs148939577,5e-08,BRD3 - ARF4P1,BRD3,GCST90624186,40299300
rs145845084,5e-08,BRD3 - ARF4P1,BRD3,GCST90624186,40299300
rs61169879,2e-10,BRIP1,BRIP1,GCST90308590,38155330
rs61169879,9e-10,BRIP1,BRIP1,GCST009325,31701892
rs4698412,6e-33,BST1,BST1,GCST90308590,38155330
rs4698412,2.0000000000000002e-28,BST1,BST1,GCST009325,31701892
rs11724635,1e-19,BST1,BST1,GCST004902,28892059
rs11724635,9e-18,BST1,BST1,GCST002544,25064009
rs11724635,1e-16,BST1,BST1,GCST000959,21292315
rs4698412,1e-13,BST1,BST1,GCST90270939,36759515
rs12651314,2e-11,BST1,BST1,GCST010991,32201043
rs4266290,8e-11,BST1,BST1,GCST003984,27182965
rs4538475,3e-09,BST1,BST1,GCST000530,19915576
rs11950533,7e-09,C5orf24 - TXNDC15,C5ORF24,GCST009325,31701892
rs9568188,1e-08,CAB39L,CAB39L,GCST009325,31701892
rs13117519,1e-12,CAMK2D,CAMK2D,GCST009325,31701892
rs13117519,3e-11,CAMK2D,CAMK2D,GCST90308590,38155330
rs78738012,5e-11,CAMK2D,CAMK2D,GCST004902,28892059
rs144125291,8e-09,CAPN13 - GALNT14,CAPN13,GCST011065,32733355
rs74125032,2e-10,CARS2,CARS2,GCST012431,34064523
rs3104783,1e-12,CASC16,CASC16,GCST009325,31701892
rs3104776,4e-12,CASC16,CASC16,GCST90308590,38155330
rs4784227,1e-10,CASC16,CASC16,GCST004902,28892059
rs113487377,1e-08,CASC16 - PHB1P21,CASC16,GCST90308590,38155330
rs11941559,5e-10,CC2D2A,CC2D2A,GCST90308590,38155330
rs11060180,2e-20,CCDC62,CCDC62,GCST004902,28892059
rs12817488,3e-13,CCDC62,CCDC62,GCST000959,21292315
rs11060180,6e-12,CCDC62,CCDC62,GCST002544,25064009
rs11060112,2e-10,CCDC62,CCDC62,GCST010991,32201043
rs11060180,3e-10,CCDC62,CCDC62,GCST003984,27182965
rs59330234,1e-08,CCDC85A,CCDC85A,GCST90320240,38014556
rs997368,2e-09,LINC02527 - CCN6,CCN6,GCST009325,31701892
rs997368,1e-08,LINC02527 - CCN6,CCN6,GCST90270939,36759515
rs6430538,8.000000000000001e-24,CCNT2-AS1,CCNT2-AS1,GCST004902,28892059
rs6430538,9e-20,CCNT2-AS1,CCNT2-AS1,GCST002544,25064009
rs6430538,1e-13,CCNT2-AS1,CCNT2-AS1,GCST010991,32201043
rs6710823,7e-09,CCNT2-AS1,CCNT2-AS1,GCST000959,21292315
rs75541595,3e-24,CCSER1,CCSER1,GCST90308590,38155330
rs78327649,2e-12,MMRN1 - CCSER1,CCSER1,GCST90308590,38155330
rs145138919,5e-09,CCSER1,CCSER1,GCST90308590,38155330
rs35161831,1e-15,CCT3,CCT3,GCST90308590,38155330
rs2764407,4e-09,CCT3,CCT3,GCST90428733,37842648
rs2904880,8e-10,"RABEP2, CD19",CD19,GCST009325,31701892
rs9393826,1e-08,CD83P1 - RNU6-471P,CD83P1,GCST90308590,38155330
rs34400130,4e-11,CDC42BPB,CDC42BPB,GCST90479727,39024449
rs12600861,1e-08,CHRNB1,CHRNB1,GCST009325,31701892
rs7434295,2e-11,CLCN3,CLCN3,GCST90308590,38155330
rs62333164,2e-10,CLCN3,CLCN3,GCST009325,31701892
rs10518182,4e-08,CNOT6L - MRPL1,CNOT6L,GCST90828117,41810385
rs1442190,2e-27,CNTN1,CNTN1,GCST002455,24842889
rs73273590,9e-17,CNTN1,CNTN1,GCST90308590,38155330
rs1442190,2e-15,CNTN1,CNTN1,GCST90308590,38155330
rs11177328,3e-11,MUC19 - CNTN1,CNTN1,GCST90308590,38155330
rs997277,5e-08,DIRC1 - COL3A1,COL3A1,GCST002778,25663231
rs528521148,1e-11,COMMD1,COMMD1,GCST90479727,39024449
rs77351827,9e-09,CRLS1,CRLS1,GCST009325,31701892
rs1293298,4e-16,CTSB,CTSB,GCST009325,31701892
rs1293298,2e-14,CTSB,CTSB,GCST90308590,38155330
rs2740594,6e-12,CTSB,CTSB,GCST004902,28892059
rs1293298,6e-11,CTSB,CTSB,GCST010991,32201043
rs1736020,1e-09,LINC02920 - CYCSP42,CYCSP42,GCST90308590,38155330
rs2086641,2e-08,CYRIB,CYRIB,GCST009325,31701892
rs146143531,2e-10,DCST1,DCST1,GCST90308590,38155330
rs9858038,3e-14,DCUN1D1 - MCCC1,DCUN1D1,GCST003984,27182965
rs9858038,2e-12,DCUN1D1 - MCCC1,DCUN1D1,GCST90828116,41810385
rs8118008,3e-11,LZTS3 - DDRGK1,DDRGK1,GCST002544,25064009
rs4815573,6e-11,LZTS3 - DDRGK1,DDRGK1,GCST90308590,38155330
rs2295545,8e-11,LZTS3 - DDRGK1,DDRGK1,GCST009325,31701892
rs11248060,3e-12,DGKQ,DGKQ,GCST001445,22438815
rs11248060,3e-09,DGKQ,DGKQ,GCST001430,22451204
rs997277,5e-08,DIRC1 - COL3A1,DIRC1,GCST002778,25663231
rs6592142,5e-12,DLG2,DLG2,GCST90308590,38155330
rs12283611,3e-10,DLG2,DLG2,GCST009325,31701892
rs3793947,4e-09,DLG2,DLG2,GCST004902,28892059
rs12278023,2e-08,DLG2,DLG2,GCST010049,32310270
rs666463,3e-09,DNAH17,DNAH17,GCST009325,31701892
rs28602900,1e-09,"DNASE1L1, RPL10",DNASE1L1,GCST90104087,33583074
rs181609621,8e-11,FGD4 - DNM1L,DNM1L,GCST009325,31701892
rs75819919,9e-09,DPP6,DPP6,GCST90709863,38875006
rs2248244,3e-11,DYRK1A,DYRK1A,GCST009325,31701892
rs2248244,6e-10,DYRK1A,DYRK1A,GCST90308590,38155330
rs11701722,5e-08,DYRK1A,DYRK1A,GCST010991,32201043
rs35902694,5e-08,EFNA4-EFNA3,EFNA4-EFNA3,GCST90428733,37842648
rs9267659,4e-11,"EHMT2-AS1, SLC44A4",EHMT2-AS1,GCST009325,31701892
rs1867598,3e-23,ELOVL7,ELOVL7,GCST009325,31701892
rs1867598,7e-22,ELOVL7,ELOVL7,GCST90308590,38155330
rs1867598,7e-10,ELOVL7,ELOVL7,GCST010991,32201043
rs850738,1e-11,FAM171A2,FAM171A2,GCST009325,31701892
rs6854006,6e-21,"FAM47E-STBD1, FAM47E",FAM47E,GCST009325,31701892
rs6854006,2e-19,"FAM47E-STBD1, FAM47E",FAM47E,GCST90308590,38155330
rs4101061,5e-19,"FAM47E, SCARB2",FAM47E,GCST009325,31701892
rs6812193,1e-14,"FAM47E-STBD1, FAM47E",FAM47E,GCST004902,28892059
rs6812193,3e-11,"FAM47E-STBD1, FAM47E",FAM47E,GCST002544,25064009
rs12643261,4e-11,"FAM47E, FAM47E-STBD1",FAM47E,GCST010991,32201043
rs6812193,7e-11,"FAM47E-STBD1, FAM47E",FAM47E,GCST003984,27182965
rs6812193,8e-10,"FAM47E-STBD1, FAM47E",FAM47E,GCST001126,21738487
rs6854006,6e-21,"FAM47E-STBD1, FAM47E",FAM47E-STBD1,GCST009325,31701892
rs6854006,2e-19,"FAM47E-STBD1, FAM47E",FAM47E-STBD1,GCST90308590,38155330
rs6812193,1e-14,"FAM47E-STBD1, FAM47E",FAM47E-STBD1,GCST004902,28892059
rs6812193,3e-11,"FAM47E-STBD1, FAM47E",FAM47E-STBD1,GCST002544,25064009
rs12643261,4e-11,"FAM47E, FAM47E-STBD1",FAM47E-STBD1,GCST010991,32201043
rs6812193,7e-11,"FAM47E-STBD1, FAM47E",FAM47E-STBD1,GCST003984,27182965
rs6812193,8e-10,"FAM47E-STBD1, FAM47E",FAM47E-STBD1,GCST001126,21738487
rs4485435,3e-09,FASN,FASN,GCST90308590,38155330
rs11610045,5e-11,GALNT9 - FBRSL1,FBRSL1,GCST90308590,38155330
rs11610045,2e-10,GALNT9 - FBRSL1,FBRSL1,GCST009325,31701892
rs6658353,6e-12,RNU6-481P - FCGR2A,FCGR2A,GCST009325,31701892
rs6658353,2e-11,RNU6-481P - FCGR2A,FCGR2A,GCST90308590,38155330
rs17411858,5e-09,FCGR3B - FCGR2B,FCGR2B,GCST90308590,38155330
rs17411858,5e-09,FCGR3B - FCGR2B,FCGR3B,GCST90308590,38155330
rs181609621,8e-11,FGD4 - DNM1L,FGD4,GCST009325,31701892
rs62066707,9e-11,FMNL1-DT,FMNL1-DT,GCST90308590,38155330
rs9487736,4e-15,FYN,FYN,GCST90308590,38155330
rs1887316,3e-08,FYN,FYN,GCST010049,32310270
rs873786,2e-21,GAK,GAK,GCST009325,31701892
rs75072999,4e-19,GAK,GAK,GCST90308590,38155330
rs35541465,3e-15,GAK,GAK,GCST003984,27182965
rs3775113,3e-10,GAK,GAK,GCST90892629,42336304
rs11248051,3e-09,GAK,GAK,GCST000772,20711177
rs144125291,8e-09,CAPN13 - GALNT14,GALNT14,GCST011065,32733355
rs11610045,5e-11,GALNT9 - FBRSL1,GALNT9,GCST90308590,38155330
rs11610045,2e-10,GALNT9 - FBRSL1,GALNT9,GCST009325,31701892
rs76763715,3e-90,GBA1,GBA1,GCST90428733,37842648
rs76763715,2e-22,GBA1,GBA1,GCST009325,31701892
rs2230288,1e-18,GBA1,GBA1,GCST90455618,39080267
rs2230288,5e-17,GBA1,GBA1,GCST003984,27182965
rs421016,1e-14,GBA1,GBA1,GCST90270939,36759515
rs3115534,2e-14,GBA1,GBA1,GCST90320242,37633302
rs10748818,1e-09,GBF1,GBF1,GCST009325,31701892
rs11158026,2e-16,GCH1,GCH1,GCST009325,31701892
rs11158026,3e-16,GCH1,GCH1,GCST90308590,38155330
rs11158026,4e-16,GCH1,GCH1,GCST004902,28892059
rs11158026,9e-15,GCH1,GCH1,GCST003984,27182965
rs11158026,6e-11,GCH1,GCH1,GCST002544,25064009
rs11158026,1e-10,GCH1,GCH1,GCST010991,32201043
rs11158026,2e-09,GCH1,GCH1,GCST90270939,36759515
rs11158026,3e-08,GCH1,GCH1,GCST90455618,39080267
rs6593808,1e-10,RN7SL261P - GJA5,GJA5,GCST90321081,37560120
rs7066890,1e-08,GPM6B,GPM6B,GCST90104087,33583074
rs199351,4.0000000000000003e-28,GPNMB,GPNMB,GCST90308590,38155330
rs199351,4.9999999999999996e-26,GPNMB,GPNMB,GCST009325,31701892
rs199347,4e-18,GPNMB,GPNMB,GCST004902,28892059
rs199347,1e-12,GPNMB,GPNMB,GCST002544,25064009
rs979812,6e-11,RNU6-835P - GPR65,GPR65,GCST009325,31701892
rs8005172,9e-11,GPR65,GPR65,GCST004902,28892059
rs8005172,6e-10,GPR65,GPR65,GCST010991,32201043
rs4140646,6e-12,GPR89P - RSL24D1P1,GPR89P,GCST009325,31701892
rs356228,1e-48,GPRIN3 - SNCA,GPRIN3,GCST009325,31701892
rs79483792,3e-17,GPRIN3 - SNCA,GPRIN3,GCST90308590,38155330
rs10516839,4e-17,GPRIN3 - SNCA,GPRIN3,GCST010991,32201043
rs114762839,1e-10,GPRIN3 - SNCA,GPRIN3,GCST90308590,38155330
rs2451713,5e-08,ZNF322 - GUSBP2,GUSBP2,GCST90278092,37805635
rs138017112,7e-12,LINC02400 - GXYLT1,GXYLT1,GCST009325,31701892
rs144755950,2e-10,GXYLT1,GXYLT1,GCST009325,31701892
rs368657122,9e-12,H2ACP1 - SERTM1,H2ACP1,GCST90479726,39024449
rs11653889,1e-14,"HASPIN, ITGAE",HASPIN,GCST012431,34064523
rs34773022,2e-09,KNTC1 - HCAR2,HCAR2,GCST90308590,38155330
rs61204179,1e-09,HEATR6,HEATR6,GCST90270939,36759515
rs10847864,2e-41,HIP1R,HIP1R,GCST90308590,38155330
rs10847864,1e-37,HIP1R,HIP1R,GCST009325,31701892
rs10847864,8e-09,HIP1R,HIP1R,GCST90892629,42336304
rs10847839,5e-08,HIP1R,HIP1R,GCST90455618,39080267
rs112485576,7e-28,HLA-DRB1 - HLA-DQA1,HLA-DQA1,GCST009325,31701892
rs17425622,4e-17,HLA-DRB1 - HLA-DQA1,HLA-DQA1,GCST003984,27182965
rs2647062,6e-12,HLA-DRB1 - HLA-DQA1,HLA-DQA1,GCST010991,32201043
rs2760980,3e-09,HLA-DRB1 - HLA-DQA1,HLA-DQA1,GCST90455618,39080267
rs9275326,1e-13,HLA-DQB1 - MTCO3P1,HLA-DQB1,GCST004902,28892059
rs9275326,1e-12,HLA-DQB1 - MTCO3P1,HLA-DQB1,GCST002544,25064009
rs9275152,2e-08,HLA-DQB1 - MTCO3P1,HLA-DQB1,GCST009512,31660654
rs2395163,3e-11,TSBP1-AS1 - HLA-DRA,HLA-DRA,GCST001430,22451204
rs3129882,2e-10,HLA-DRA,HLA-DRA,GCST000772,20711177
rs3129882,5e-10,HLA-DRA,HLA-DRA,GCST002353,24511991
rs3129882,3e-08,HLA-DRA,HLA-DRA,GCST002353,24511991
rs112485576,7e-28,HLA-DRB1 - HLA-DQA1,HLA-DRB1,GCST009325,31701892
rs17425622,4e-17,HLA-DRB1 - HLA-DQA1,HLA-DRB1,GCST003984,27182965
rs2647062,6e-12,HLA-DRB1 - HLA-DQA1,HLA-DRB1,GCST010991,32201043
rs2760980,3e-09,HLA-DRB1 - HLA-DQA1,HLA-DRB1,GCST90455618,39080267
rs75859381,1e-10,HMGB1P13 - LINC00326,HMGB1P13,GCST009325,31701892
rs35682329,1.0000000000000001e-75,HMGN2P18,HMGN2P18,GCST90308590,38155330
rs35749011,2e-70,HMGN2P18 - KRTCAP2,HMGN2P18,GCST009325,31701892
rs35749011,3e-35,HMGN2P18 - KRTCAP2,HMGN2P18,GCST004902,28892059
rs35749011,1.0000000000000001e-29,HMGN2P18 - KRTCAP2,HMGN2P18,GCST002544,25064009
rs35749011,5e-11,HMGN2P18 - KRTCAP2,HMGN2P18,GCST012431,34064523
rs10256359,2e-12,HYCC1 - KLHL7-DT,HYCC1,GCST003984,27182965
rs189775425,1e-12,IFTAP - RPL7AP56,IFTAP,GCST90479726,39024449
rs1400463140,5e-08,IGBP1P1 - SRP54-AS1,IGBP1P1,GCST90624186,40299300
rs3802920,6e-20,IGSF9B,IGSF9B,GCST009325,31701892
rs3802920,9e-20,IGSF9B,IGSF9B,GCST90308590,38155330
rs329648,1e-13,SPATA19 - IGSF9B,IGSF9B,GCST004902,28892059
rs329648,1e-11,SPATA19 - IGSF9B,IGSF9B,GCST002544,25064009
rs3802920,7e-09,IGSF9B,IGSF9B,GCST010991,32201043
rs117896735,2.0000000000000002e-28,INPP5F,INPP5F,GCST009325,31701892
rs117896735,2e-19,INPP5F,INPP5F,GCST004902,28892059
rs2178923,2e-13,TXNP1 - INPP5F,INPP5F,GCST90308590,38155330
rs117896735,4e-13,INPP5F,INPP5F,GCST002544,25064009
rs12497850,1e-10,IP6K2,IP6K2,GCST009325,31701892
rs12497850,3e-09,IP6K2,IP6K2,GCST90308590,38155330
rs12497850,9e-09,IP6K2,IP6K2,GCST004902,28892059
rs150468541,3e-08,"IQCJ-SCHIP1, IQCJ",IQCJ,GCST011823,33958783
rs150468541,3e-08,"IQCJ-SCHIP1, IQCJ",IQCJ-SCHIP1,GCST011823,33958783
rs1078514,2e-09,IRS2 - RN7SKP10,IRS2,GCST90308590,38155330
rs850731,7e-10,ITGA2B,ITGA2B,GCST90308590,38155330
rs896435,3e-13,ITGA8,ITGA8,GCST009325,31701892
rs13664,1e-12,ITGA8,ITGA8,GCST90308590,38155330
rs10906923,1e-08,ITGA8,ITGA8,GCST004902,28892059
rs117672332,2e-15,P2RX5 - ITGAE,ITGAE,GCST012431,34064523
rs11653889,1e-14,"HASPIN, ITGAE",ITGAE,GCST012431,34064523
rs143918452,3e-08,ITIH1,ITIH1,GCST004902,28892059
rs4653767,3e-24,ITPKB,ITPKB,GCST90308590,38155330
rs4653767,1e-15,ITPKB,ITPKB,GCST009325,31701892
rs4653767,2e-11,ITPKB,ITPKB,GCST004902,28892059
rs16846351,8e-10,"ITPKB, ITPKB-IT1",ITPKB,GCST010049,32310270
rs16846351,9e-10,"ITPKB, ITPKB-IT1",ITPKB,GCST90828116,41810385
rs16846351,8e-10,"ITPKB, ITPKB-IT1",ITPKB-IT1,GCST010049,32310270
rs16846351,9e-10,"ITPKB, ITPKB-IT1",ITPKB-IT1,GCST90828116,41810385
rs7225002,2e-40,KANSL1,KANSL1,GCST009325,31701892
rs4630591,1e-18,KANSL1,KANSL1,GCST90455618,39080267
rs113434679,9e-13,KANSL1,KANSL1,GCST009512,31660654
rs113564729,2e-11,KANSL1,KANSL1,GCST010991,32201043
rs17577094,8e-09,KANSL1,KANSL1,GCST002455,24842889
rs2042477,1e-08,KCNIP3,KCNIP3,GCST009325,31701892
rs1630500,1e-37,KCNN3 - PMVK,KCNN3,GCST90428733,37842648
rs1630500,2e-08,KCNN3 - PMVK,KCNN3,GCST002455,24842889
rs76116224,1e-08,KCNS3,KCNS3,GCST009325,31701892
rs79503702,5e-08,KLHDC1,KLHDC1,GCST003652,27402877
rs28624974,8e-12,KLHL7,KLHL7,GCST010991,32201043
rs10256359,2e-12,HYCC1 - KLHL7-DT,KLHL7-DT,GCST003984,27182965
rs34773022,2e-09,KNTC1 - HCAR2,KNTC1,GCST90308590,38155330
rs55961674,1e-11,KPNA1,KPNA1,GCST009325,31701892
rs1127021,2e-08,KPNA3,KPNA3,GCST90308590,38155330
rs35749011,2e-70,HMGN2P18 - KRTCAP2,KRTCAP2,GCST009325,31701892
rs35749011,3e-35,HMGN2P18 - KRTCAP2,KRTCAP2,GCST004902,28892059
rs35749011,1.0000000000000001e-29,HMGN2P18 - KRTCAP2,KRTCAP2,GCST002544,25064009
rs35749011,5e-11,HMGN2P18 - KRTCAP2,KRTCAP2,GCST012431,34064523
rs8012377,2e-10,KTN1 - RPL13AP3,KTN1,GCST90308590,38155330
rs71314284,1e-08,LAMP3,LAMP3,GCST90308590,38155330
rs34372695,4e-12,LAMTOR2 - RAB25,LAMTOR2,GCST000959,21292315
rs34372695,4e-12,LAMTOR2 - RAB25,LAMTOR2,GCST010991,32201043
rs7673321,8e-11,LCORL,LCORL,GCST90308590,38155330
rs34025766,3e-10,LCORL,LCORL,GCST009325,31701892
rs73415968,2e-11,LDLRAD4,LDLRAD4,GCST90479727,39024449
rs344650,1e-11,LHFPL2,LHFPL2,GCST003652,27402877
rs75859381,1e-10,HMGB1P13 - LINC00326,LINC00326,GCST009325,31701892
rs4771268,1e-09,LINC00456 - MBNL2,LINC00456,GCST009325,31701892
rs9468199,9e-13,LINC01012,LINC01012,GCST90308590,38155330
rs9468199,1e-12,LINC01012,LINC01012,GCST004902,28892059
rs4713118,2e-10,LINC01012,LINC01012,GCST003984,27182965
rs9468195,2e-09,LINC01012,LINC01012,GCST010991,32201043
rs1561758,9e-10,LINC01147,LINC01147,GCST90308590,38155330
rs2338971,4e-10,LINC01307 - LINC01709,LINC01307,GCST002353,24511991
rs2338971,5e-10,LINC01307 - LINC01709,LINC01307,GCST002353,24511991
rs113120976,7e-09,PDE5A - LINC01365,LINC01365,GCST90709786,38849413
rs2338971,4e-10,LINC01307 - LINC01709,LINC01709,GCST002353,24511991
rs2338971,5e-10,LINC01307 - LINC01709,LINC01709,GCST002353,24511991
rs559557961,3e-11,LINC02034 - TPRA1,LINC02034,GCST90479727,39024449
rs365825,3.9999999999999997e-32,"LINC02210, LINC02210, LINC02210-CRHR1",LINC02210,GCST003984,27182965
rs2942168,1.0000000000000001e-28,"LINC02210, LINC02210, LINC02210-CRHR1",LINC02210,GCST000959,21292315
rs393152,2e-16,"LINC02210-CRHR1, LINC02210, LINC02210",LINC02210,GCST000528,19915575
rs62053943,1e-69,LINC02210-CRHR1,LINC02210-CRHR1,GCST90308590,38155330
rs62053943,4e-68,LINC02210-CRHR1,LINC02210-CRHR1,GCST009325,31701892
rs365825,3.9999999999999997e-32,"LINC02210, LINC02210, LINC02210-CRHR1",LINC02210-CRHR1,GCST003984,27182965
rs2942168,1.0000000000000001e-28,"LINC02210, LINC02210, LINC02210-CRHR1",LINC02210-CRHR1,GCST000959,21292315
rs79172804,9e-19,LINC02210-CRHR1,LINC02210-CRHR1,GCST90892629,42336304
rs393152,2e-16,"LINC02210-CRHR1, LINC02210, LINC02210",LINC02210-CRHR1,GCST000528,19915575
rs7225082,6e-16,LINC02210-CRHR1,LINC02210-CRHR1,GCST90308590,38155330
rs117615688,7e-16,LINC02210-CRHR1,LINC02210-CRHR1,GCST009325,31701892
rs9912362,2e-13,LINC02210-CRHR1,LINC02210-CRHR1,GCST009325,31701892
rs1724407,2e-13,LINC02210-CRHR1,LINC02210-CRHR1,GCST90480008,39024449
rs62053943,8e-09,LINC02210-CRHR1,LINC02210-CRHR1,GCST009512,31660654
rs6875262,3e-09,ZNF608 - LINC02240,LINC02240,GCST010991,32201043
rs6875262,1e-08,ZNF608 - LINC02240,LINC02240,GCST009325,31701892
rs2251086,5e-22,RORA - LINC02349,LINC02349,GCST90308590,38155330
rs2251086,6e-18,RORA - LINC02349,LINC02349,GCST009325,31701892
rs2414739,4e-14,RORA - LINC02349,LINC02349,GCST004902,28892059
rs2414739,1e-11,RORA - LINC02349,LINC02349,GCST002544,25064009
rs2251086,1e-09,RORA - LINC02349,LINC02349,GCST90270939,36759515
rs3889108,7e-09,RORA - LINC02349,LINC02349,GCST010991,32201043
rs189093213,2e-09,LINC02353 - MAPRE1P2,LINC02353,GCST90624186,40299300
rs150874134,3e-09,LINC02353 - MAPRE1P2,LINC02353,GCST90624186,40299300
rs138017112,7e-12,LINC02400 - GXYLT1,LINC02400,GCST009325,31701892
rs148294058,5e-09,LINC02450,LINC02450,GCST003984,27182965
rs997368,2e-09,LINC02527 - CCN6,LINC02527,GCST009325,31701892
rs997368,1e-08,LINC02527 - CCN6,LINC02527,GCST90270939,36759515
rs17442721,9e-27,LINC02555,LINC02555,GCST90308590,38155330
rs1736020,1e-09,LINC02920 - CYCSP42,LINC02920,GCST90308590,38155330
rs513043,2e-21,LMNA,LMNA,GCST90428733,37842648
rs577492,3e-21,LMNA,LMNA,GCST90428733,37842648
rs553016,4e-21,LMNA,LMNA,GCST90428733,37842648
rs10737170,3e-10,LMNA,LMNA,GCST90308590,38155330
rs6857,2e-09,"NECTIN2, LNCOB1",LNCOB1,GCST90455618,39080267
rs80306347,7e-09,LRP1B,LRP1B,GCST90270129,36348503
rs72673189,2e-08,LRP8,LRP8,GCST90624186,40299300
rs72673189,3e-08,LRP8,LRP8,GCST90428054,37652906
rs62065453,1e-17,PLEKHM1 - LRRC37A4P,LRRC37A4P,GCST90892629,42336304
rs34637584,4e-148,LRRK2,LRRK2,GCST009325,31701892
rs28903073,1.0000000000000001e-39,LRRK2,LRRK2,GCST003984,27182965
rs146373824,1.0000000000000001e-34,LRRK2,LRRK2,GCST90828116,41810385
rs34778348,3e-30,LRRK2,LRRK2,GCST90270939,36759515
rs34637584,2.0000000000000002e-28,LRRK2,LRRK2,GCST001126,21738487
rs76904798,2.0000000000000002e-28,"LRRK2, LRRK2-DT",LRRK2,GCST009325,31701892
rs34778348,3e-21,LRRK2,LRRK2,GCST001445,22438815
rs34594498,4e-20,LRRK2,LRRK2,GCST90270939,36759515
rs76904798,1e-19,"LRRK2, LRRK2-DT",LRRK2,GCST004902,28892059
rs34637584,7e-17,LRRK2,LRRK2,GCST90480008,39024449
rs1491942,6e-15,LRRK2,LRRK2,GCST001445,22438815
rs76904798,5e-14,"LRRK2, LRRK2-DT",LRRK2,GCST002544,25064009
rs1491942,6e-14,LRRK2,LRRK2,GCST000959,21292315
rs190807041,1e-13,LRRK2 - MUC19,LRRK2,GCST90308590,38155330
rs34778348,5e-13,LRRK2,LRRK2,GCST90278092,37805635
rs34637584,3e-12,LRRK2,LRRK2,GCST90479727,39024449
rs34778348,5e-12,LRRK2,LRRK2,GCST90707270,41810385
rs34637584,7e-12,LRRK2,LRRK2,GCST90455618,39080267
rs34637584,2e-11,LRRK2,LRRK2,GCST90475830,39024449
rs190807041,7e-11,LRRK2 - MUC19,LRRK2,GCST009512,31660654
rs17443414,3e-10,LRRK2,LRRK2,GCST90308590,38155330
rs34778348,2e-09,LRRK2,LRRK2,GCST90296432,37805635
rs76904798,2.0000000000000002e-28,"LRRK2, LRRK2-DT",LRRK2-DT,GCST009325,31701892
rs76904798,1e-19,"LRRK2, LRRK2-DT",LRRK2-DT,GCST004902,28892059
rs76904798,5e-14,"LRRK2, LRRK2-DT",LRRK2-DT,GCST002544,25064009
rs16854023,4e-08,RNA5SP74 - LRRN2,LRRN2,GCST010322,32355309
rs8118008,3e-11,LZTS3 - DDRGK1,LZTS3,GCST002544,25064009
rs4815573,6e-11,LZTS3 - DDRGK1,LZTS3,GCST90308590,38155330
rs2295545,8e-11,LZTS3 - DDRGK1,LZTS3,GCST009325,31701892
rs11683001,8e-13,MAP4K4,MAP4K4,GCST009325,31701892
rs11683001,2e-12,MAP4K4,MAP4K4,GCST90308590,38155330
rs34043159,5e-11,MAP4K4,MAP4K4,GCST004902,28892059
rs369720737,4e-08,MAP9-AS1,MAP9-AS1,GCST90828117,41810385
rs189093213,2e-09,LINC02353 - MAPRE1P2,MAPRE1P2,GCST90624186,40299300
rs150874134,3e-09,LINC02353 - MAPRE1P2,MAPRE1P2,GCST90624186,40299300
rs17649553,1e-68,MAPT,MAPT,GCST004902,28892059
rs17649553,2e-48,MAPT,MAPT,GCST002544,25064009
rs713522,1e-38,MAPT,MAPT,GCST90308590,38155330
rs17573509,1e-13,MAPT,MAPT,GCST90892629,42336304
rs8070723,7e-12,MAPT,MAPT,GCST000855,21044948
rs7221167,1e-37,MAPT-AS1,MAPT-AS1,GCST009325,31701892
rs12185268,3e-14,"MAPT-AS1, SPPL2C",MAPT-AS1,GCST001126,21738487
rs7221167,3e-08,MAPT-AS1,MAPT-AS1,GCST012431,34064523
rs4771268,1e-09,LINC00456 - MBNL2,MBNL2,GCST009325,31701892
rs10513789,6e-50,MCCC1,MCCC1,GCST90308590,38155330
rs10513789,1.0000000000000001e-34,MCCC1,MCCC1,GCST009325,31701892
rs12637471,1.9999999999999998e-30,MCCC1,MCCC1,GCST004902,28892059
rs12637471,2e-21,MCCC1,MCCC1,GCST002544,25064009
rs10513789,4e-17,MCCC1,MCCC1,GCST90270939,36759515
rs2292056,8e-17,"MCCC1, MCCC1-AS1",MCCC1,GCST010049,32310270
rs9858038,3e-14,DCUN1D1 - MCCC1,MCCC1,GCST003984,27182965
rs9858038,2e-12,DCUN1D1 - MCCC1,MCCC1,GCST90828116,41810385
rs11711441,8e-12,MCCC1,MCCC1,GCST000959,21292315
rs140278703,2e-11,MCCC1,MCCC1,GCST010991,32201043
rs10513789,3e-10,MCCC1,MCCC1,GCST001126,21738487
rs2270968,3e-08,MCCC1,MCCC1,GCST003922,28011712
rs2292056,8e-17,"MCCC1, MCCC1-AS1",MCCC1-AS1,GCST010049,32310270
rs6803771,5e-11,MED12L,MED12L,GCST90308590,38155330
rs11707416,1e-10,MED12L,MED12L,GCST009325,31701892
rs148528915,5e-10,MED13,MED13,GCST90308590,38155330
rs148534175,1e-08,MED13 - Y_RNA,MED13,GCST010991,32201043
rs12118655,1.9999999999999998e-32,Metazoa_SRP - NUCKS1,METAZOA_SRP,GCST90308590,38155330
rs11578699,4e-09,VAMP4 - METTL13,METTL13,GCST009325,31701892
rs1956438,2e-09,MIPOL1,MIPOL1,GCST90308590,38155330
rs12147950,4e-08,MIPOL1,MIPOL1,GCST009325,31701892
rs4910150,1e-11,MIR4485 - RNF141,MIR4485,GCST90308590,38155330
rs118117788,4.0000000000000004e-23,SEC23IP - MIR4682,MIR4682,GCST90308590,38155330
rs79214011,1e-16,MMRN1,MMRN1,GCST90308590,38155330
rs78327649,2e-12,MMRN1 - CCSER1,MMRN1,GCST90308590,38155330
rs6532194,5e-11,SNCA-AS1 - MMRN1,MMRN1,GCST001445,22438815
rs115217673,3e-09,MORN1,MORN1,GCST90709786,38849413
rs10518182,4e-08,CNOT6L - MRPL1,MRPL1,GCST90828117,41810385
rs34096562,6e-17,MSR1 - RN7SL474P,MSR1,GCST90308590,38155330
rs620513,3e-15,MSR1 - RN7SL474P,MSR1,GCST009325,31701892
rs591323,2e-11,MSR1 - RN7SL474P,MSR1,GCST004902,28892059
rs11203810,2e-08,MSR1 - RN7SL474P,MSR1,GCST010991,32201043
rs187989831,8e-10,TEKT4 - MTCO1P48,MTCO1P48,GCST012431,34064523
rs9275326,1e-13,HLA-DQB1 - MTCO3P1,MTCO3P1,GCST004902,28892059
rs9275326,1e-12,HLA-DQB1 - MTCO3P1,MTCO3P1,GCST002544,25064009
rs9275152,2e-08,HLA-DQB1 - MTCO3P1,MTCO3P1,GCST009512,31660654
rs11164870,3e-09,MTF2,MTF2,GCST90308590,38155330
rs78837976,3e-18,MUC12,MUC12,GCST012431,34064523
rs117073808,2e-20,MUC19,MUC19,GCST009325,31701892
rs141128804,6e-14,MUC19,MUC19,GCST009325,31701892
rs190807041,1e-13,LRRK2 - MUC19,MUC19,GCST90308590,38155330
rs11177328,3e-11,MUC19 - CNTN1,MUC19,GCST90308590,38155330
rs190807041,7e-11,LRRK2 - MUC19,MUC19,GCST009512,31660654
rs6060983,4e-09,MYLK2,MYLK2,GCST90308590,38155330
rs2694528,5e-15,NDUFAF2,NDUFAF2,GCST004902,28892059
rs162227,1e-08,NDUFAF2,NDUFAF2,GCST003984,27182965
rs6857,2e-09,"NECTIN2, LNCOB1",NECTIN2,GCST90455618,39080267
rs34133110,1e-09,NOD2,NOD2,GCST90308590,38155330
rs6500328,2e-09,NOD2,NOD2,GCST009325,31701892
rs8091977,4e-09,ASXL3 - NOL4,NOL4,GCST90308590,38155330
rs2303370,1e-08,NRBP1,NRBP1,GCST90892629,42336304
rs199453,9e-67,NSF,NSF,GCST009325,31701892
rs199453,1e-61,NSF,NSF,GCST90308590,38155330
rs199534,7e-19,NSF,NSF,GCST90892629,42336304
rs199533,1e-14,NSF,NSF,GCST000528,19915575
rs12118655,1.9999999999999998e-32,Metazoa_SRP - NUCKS1,NUCKS1,GCST90308590,38155330
rs823118,1.0000000000000001e-29,NUCKS1 - RAB29,NUCKS1,GCST009325,31701892
rs823118,1.0000000000000001e-23,NUCKS1 - RAB29,NUCKS1,GCST004902,28892059
rs823118,1.0000000000000001e-23,NUCKS1 - RAB29,NUCKS1,GCST90270939,36759515
rs823118,2e-16,NUCKS1 - RAB29,NUCKS1,GCST002544,25064009
rs823118,6e-12,NUCKS1 - RAB29,NUCKS1,GCST003984,27182965
rs3805,4e-11,NUCKS1,NUCKS1,GCST010991,32201043
rs687432,2e-09,OR5AZ1P - OR5BD1P,OR5AZ1P,GCST003984,27182965
rs687432,2e-09,OR5AZ1P - OR5BD1P,OR5BD1P,GCST003984,27182965
rs117672332,2e-15,P2RX5 - ITGAE,P2RX5,GCST012431,34064523
rs26431,2e-09,PAM,PAM,GCST009325,31701892
rs16833168,3e-12,PARP9,PARP9,GCST90308590,38155330
rs116114495,2.0000000000000002e-39,PBXIP1,PBXIP1,GCST90428733,37842648
rs11729193,2e-11,PCGF3,PCGF3,GCST90308590,38155330
rs113120976,7e-09,PDE5A - LINC01365,PDE5A,GCST90709786,38849413
rs12628329,3e-08,PDGFB - RPL3,PDGFB,GCST90132301,35616254
rs11783129,6e-11,PDLIM2,PDLIM2,GCST90308590,38155330
rs10221156,1e-10,PHB1P21,PHB1P21,GCST009325,31701892
rs113487377,1e-08,CASC16 - PHB1P21,PHB1P21,GCST90308590,38155330
rs7636454,3e-09,PIK3CA,PIK3CA,GCST90308590,38155330
rs6806917,3e-09,PIK3CA-DT,PIK3CA-DT,GCST90308590,38155330
rs78299420,3e-09,PITPNM2,PITPNM2,GCST90308590,38155330
rs148163066,7e-11,PKP2,PKP2,GCST90308590,38155330
rs180924818,6e-09,PLA2G10FP - SPRING1P3,PLA2G10FP,GCST90624186,40299300
rs62065453,1e-17,PLEKHM1 - LRRC37A4P,PLEKHM1,GCST90892629,42336304
rs12771445,1e-08,PLPP4,PLPP4,GCST90095083,34776419
rs73656147,9e-09,PLPPR1,PLPPR1,GCST007198,30338293
rs1800247,8e-10,PMF1-BGLAP,PMF1-BGLAP,GCST90428733,37842648
rs1630500,1e-37,KCNN3 - PMVK,PMVK,GCST90428733,37842648
rs114138760,3e-09,PMVK,PMVK,GCST90308590,38155330
rs114138760,4e-09,PMVK,PMVK,GCST009325,31701892
rs1630500,2e-08,KCNN3 - PMVK,PMVK,GCST002455,24842889
rs141772267,5e-10,PRDM15,PRDM15,GCST90828117,41810385
rs9356013,4e-13,PRKN,PRKN,GCST009513,31660654
rs9783733,3e-09,PWRN4,PWRN4,GCST011677,33884653
rs34372695,4e-12,LAMTOR2 - RAB25,RAB25,GCST000959,21292315
rs34372695,4e-12,LAMTOR2 - RAB25,RAB25,GCST010991,32201043
rs823118,1.0000000000000001e-29,NUCKS1 - RAB29,RAB29,GCST009325,31701892
rs11557080,1.0000000000000001e-24,RAB29,RAB29,GCST90270939,36759515
rs823118,1.0000000000000001e-23,NUCKS1 - RAB29,RAB29,GCST004902,28892059
rs823118,1.0000000000000001e-23,NUCKS1 - RAB29,RAB29,GCST90270939,36759515
rs11557080,3e-22,RAB29,RAB29,GCST009325,31701892
rs6679073,4e-21,RAB29 - SLC41A1,RAB29,GCST010049,32310270
rs823118,2e-16,NUCKS1 - RAB29,RAB29,GCST002544,25064009
rs5014256,3e-16,RAB29 - SLC41A1,RAB29,GCST90828116,41810385
rs947211,2e-12,RAB29 - SLC41A1,RAB29,GCST000530,19915576
rs823118,6e-12,NUCKS1 - RAB29,RAB29,GCST003984,27182965
rs2904880,8e-10,"RABEP2, CD19",RABEP2,GCST009325,31701892
rs76949143,1e-08,RABGEF1P1,RABGEF1P1,GCST009325,31701892
rs188789342,3e-11,TIAL1 - RAD1P1,RAD1P1,GCST003984,27182965
rs6808178,6e-12,RBMS3,RBMS3,GCST90308590,38155330
rs6808178,8e-12,RBMS3,RBMS3,GCST009325,31701892
rs12951632,1e-09,RETREG3,RETREG3,GCST009325,31701892
rs28659953,3e-08,RILPL2,RILPL2,GCST90308590,38155330
rs12528068,7e-12,RNU4-66P - RIMS1,RIMS1,GCST90308590,38155330
rs12528068,2e-10,RNU4-66P - RIMS1,RIMS1,GCST009325,31701892
rs182987047,3e-11,RIMS2,RIMS2,GCST011823,33958783
rs1749409,3e-34,RIT1,RIT1,GCST90428733,37842648
rs4588066,2.0000000000000002e-28,RIT2,RIT2,GCST90308590,38155330
rs12456492,4.0000000000000004e-23,RIT2,RIT2,GCST009325,31701892
rs12456492,6e-16,RIT2,RIT2,GCST004902,28892059
rs12456492,8e-12,RIT2,RIT2,GCST002544,25064009
rs4130047,2e-10,RIT2,RIT2,GCST003984,27182965
rs12456492,2e-10,RIT2,RIT2,GCST001430,22451204
rs12456492,2e-09,RIT2,RIT2,GCST010991,32201043
rs4130047,4e-08,RIT2,RIT2,GCST90828116,41810385
rs4130047,5e-08,RIT2,RIT2,GCST010049,32310270
rs1078514,2e-09,IRS2 - RN7SKP10,RN7SKP10,GCST90308590,38155330
rs6593808,1e-10,RN7SL261P - GJA5,RN7SL261P,GCST90321081,37560120
rs34096562,6e-17,MSR1 - RN7SL474P,RN7SL474P,GCST90308590,38155330
rs620513,3e-15,MSR1 - RN7SL474P,RN7SL474P,GCST009325,31701892
rs591323,2e-11,MSR1 - RN7SL474P,RN7SL474P,GCST004902,28892059
rs11203810,2e-08,MSR1 - RN7SL474P,RN7SL474P,GCST010991,32201043
rs12987123,3.9999999999999995e-42,STK39 - RN7SL813P,RN7SL813P,GCST90308590,38155330
rs1474055,3e-39,STK39 - RN7SL813P,RN7SL813P,GCST009325,31701892
rs1474055,6e-26,STK39 - RN7SL813P,RN7SL813P,GCST004902,28892059
rs1474055,1e-20,STK39 - RN7SL813P,RN7SL813P,GCST002544,25064009
rs13016703,3e-16,STK39 - RN7SL813P,RN7SL813P,GCST003984,27182965
rs4667572,4e-13,STK39 - RN7SL813P,RN7SL813P,GCST010991,32201043
rs9917256,8e-11,STK39 - RN7SL813P,RN7SL813P,GCST90455618,39080267
rs2102808,4e-10,STK39 - RN7SL813P,RN7SL813P,GCST000959,21292315
rs145533835,1e-11,RNA5SP102 - RNU6-259P,RNA5SP102,GCST90479726,39024449
rs17686238,8e-27,RNA5SP443 - ARHGAP27,RNA5SP443,GCST009325,31701892
rs75344947,9e-10,SYT4 - RNA5SP455,RNA5SP455,GCST90308590,38155330
rs16854023,4e-08,RNA5SP74 - LRRN2,RNA5SP74,GCST010322,32355309
rs4910150,1e-11,MIR4485 - RNF141,RNF141,GCST90308590,38155330
rs7938782,2e-09,RNF141,RNF141,GCST009325,31701892
rs12528068,7e-12,RNU4-66P - RIMS1,RNU4-66P,GCST90308590,38155330
rs12528068,2e-10,RNU4-66P - RIMS1,RNU4-66P,GCST009325,31701892
rs145533835,1e-11,RNA5SP102 - RNU6-259P,RNU6-259P,GCST90479726,39024449
rs10437796,5e-08,SYT10 - RNU6-400P,RNU6-400P,GCST90709787,38849413
rs9393826,1e-08,CD83P1 - RNU6-471P,RNU6-471P,GCST90308590,38155330
rs4421827,2e-14,RNU6-472P - Y_RNA,RNU6-472P,GCST90308590,38155330
rs6658353,6e-12,RNU6-481P - FCGR2A,RNU6-481P,GCST009325,31701892
rs6658353,2e-11,RNU6-481P - FCGR2A,RNU6-481P,GCST90308590,38155330
rs979812,6e-11,RNU6-835P - GPR65,RNU6-835P,GCST009325,31701892
rs2251086,5e-22,RORA - LINC02349,RORA,GCST90308590,38155330
rs2251086,6e-18,RORA - LINC02349,RORA,GCST009325,31701892
rs2414739,4e-14,RORA - LINC02349,RORA,GCST004902,28892059
rs2414739,1e-11,RORA - LINC02349,RORA,GCST002544,25064009
rs2251086,1e-09,RORA - LINC02349,RORA,GCST90270939,36759515
rs3889108,7e-09,RORA - LINC02349,RORA,GCST010991,32201043
rs28602900,1e-09,"DNASE1L1, RPL10",RPL10,GCST90104087,33583074
rs7134559,4e-08,RPL13AP21 - SLC38A1,RPL13AP21,GCST009325,31701892
rs8012377,2e-10,KTN1 - RPL13AP3,RPL13AP3,GCST90308590,38155330
rs12628329,3e-08,PDGFB - RPL3,RPL3,GCST90132301,35616254
rs189775425,1e-12,IFTAP - RPL7AP56,RPL7AP56,GCST90479726,39024449
rs3742785,2e-09,RPS6KL1,RPS6KL1,GCST009325,31701892
rs4140646,6e-12,GPR89P - RSL24D1P1,RSL24D1P1,GCST009325,31701892
rs4101061,5e-19,"FAM47E, SCARB2",SCARB2,GCST009325,31701892
rs6825004,1e-09,SCARB2,SCARB2,GCST009325,31701892
rs28465660,2e-09,SCARB2,SCARB2,GCST90828116,41810385
rs1550556,1e-08,SCARB2,SCARB2,GCST90308590,38155330
rs353116,3e-08,SCN2A,SCN2A,GCST004902,28892059
rs118117788,4.0000000000000004e-23,SEC23IP - MIR4682,SEC23IP,GCST90308590,38155330
rs41265017,9.999999999999999e-27,SEMA4A,SEMA4A,GCST90428733,37842648
rs35643925,8e-22,SEMA4A - SLC25A44,SEMA4A,GCST009325,31701892
rs35643925,5e-09,SEMA4A - SLC25A44,SEMA4A,GCST90018894,34594039
rs368657122,9e-12,H2ACP1 - SERTM1,SERTM1,GCST90479726,39024449
rs1870293,4.0000000000000004e-24,SETD1A,SETD1A,GCST90308590,38155330
rs11150601,5e-20,SETD1A,SETD1A,GCST009325,31701892
rs7498665,5e-08,SH2B1,SH2B1,GCST90892629,42336304
rs13294100,8e-21,SH3GL2,SH3GL2,GCST90308590,38155330
rs10756905,2e-20,SH3GL2,SH3GL2,GCST90308590,38155330
rs13294100,9e-18,SH3GL2,SH3GL2,GCST009325,31701892
rs10756907,5e-17,SH3GL2,SH3GL2,GCST009325,31701892
rs13294100,5e-13,SH3GL2,SH3GL2,GCST004902,28892059
rs13294100,3e-10,SH3GL2,SH3GL2,GCST010991,32201043
rs2209440,8e-09,SH3GL2,SH3GL2,GCST003984,27182965
rs1326293,1e-17,SIPA1L2,SIPA1L2,GCST90308590,38155330
rs10797576,7e-17,SIPA1L2,SIPA1L2,GCST009325,31701892
rs10797576,8e-13,SIPA1L2,SIPA1L2,GCST004902,28892059
rs10797576,5e-10,SIPA1L2,SIPA1L2,GCST002544,25064009
rs41286192,3e-11,SLC18B1,SLC18B1,GCST90308590,38155330
rs35643925,8e-22,SEMA4A - SLC25A44,SLC25A44,GCST009325,31701892
rs35643925,5e-09,SEMA4A - SLC25A44,SLC25A44,GCST90018894,34594039
rs28370650,3e-33,SLC2A13,SLC2A13,GCST90308590,38155330
rs28370664,7e-26,SLC2A13,SLC2A13,GCST010991,32201043
rs1384236,8e-12,SLC2A13,SLC2A13,GCST003922,28011712
rs1994090,3e-08,SLC2A13,SLC2A13,GCST000530,19915576
rs7134559,4e-08,RPL13AP21 - SLC38A1,SLC38A1,GCST009325,31701892
rs6679073,4e-21,RAB29 - SLC41A1,SLC41A1,GCST010049,32310270
rs5014256,3e-16,RAB29 - SLC41A1,SLC41A1,GCST90828116,41810385
rs947211,2e-12,RAB29 - SLC41A1,SLC41A1,GCST000530,19915576
rs708726,2e-08,SLC41A1,SLC41A1,GCST90278092,37805635
rs9267659,4e-11,"EHMT2-AS1, SLC44A4",SLC44A4,GCST009325,31701892
rs12726330,5e-08,SLC50A1,SLC50A1,GCST001430,22451204
rs8087969,1e-08,SMAD4 - SRSF10P1,SMAD4,GCST009325,31701892
rs7678054,3e-09,SMARCAD1-DT,SMARCAD1-DT,GCST90892629,42336304
rs356182,4e-170,SNCA,SNCA,GCST90308590,38155330
rs356182,4e-154,SNCA,SNCA,GCST009325,31701892
rs356203,5e-149,SNCA,SNCA,GCST009325,31701892
rs356182,5e-123,SNCA,SNCA,GCST004902,28892059
rs1372518,2e-79,SNCA,SNCA,GCST90308590,38155330
rs356182,4e-73,SNCA,SNCA,GCST002544,25064009
rs356219,6e-65,SNCA,SNCA,GCST001445,22438815
rs356182,9.999999999999999e-57,SNCA,SNCA,GCST003984,27182965
rs356182,3e-53,SNCA,SNCA,GCST90270939,36759515
rs356228,1e-48,GPRIN3 - SNCA,SNCA,GCST009325,31701892
rs356219,2e-47,SNCA,SNCA,GCST000959,21292315
rs356219,6e-41,SNCA,SNCA,GCST90256604,36672180
rs6826785,2e-37,SNCA,SNCA,GCST010049,32310270
rs34806123,4e-37,SNCA,SNCA,GCST90828116,41810385
rs5019538,1e-36,SNCA,SNCA,GCST009325,31701892
rs356220,8e-35,SNCA,SNCA,GCST001430,22451204
rs8180209,9.999999999999999e-33,SNCA,SNCA,GCST003922,28011712
rs1372518,3e-28,SNCA,SNCA,GCST90256604,36672180
rs356220,2e-19,SNCA,SNCA,GCST001126,21738487
rs79483792,3e-17,GPRIN3 - SNCA,SNCA,GCST90308590,38155330
rs10516839,4e-17,GPRIN3 - SNCA,SNCA,GCST010991,32201043
rs11931074,7e-17,SNCA,SNCA,GCST000530,19915576
rs2736990,2e-16,SNCA,SNCA,GCST000528,19915575
rs356220,9e-16,SNCA,SNCA,GCST000855,21044948
rs10005233,2e-15,SNCA,SNCA,GCST90269977,40998812
rs3796661,4e-13,SNCA,SNCA,GCST90278092,37805635
rs356220,6e-13,SNCA,SNCA,GCST90018894,34594039
rs356183,6e-13,SNCA,SNCA,GCST90480008,39024449
rs356203,2e-12,SNCA,SNCA,GCST007780,30957308
rs1372519,3e-12,SNCA,SNCA,GCST90455618,39080267
rs356183,3e-12,SNCA,SNCA,GCST90475830,39024449
rs356219,2e-11,SNCA,SNCA,GCST009373,31755958
rs356220,3e-11,SNCA,SNCA,GCST002353,24511991
rs356220,3e-11,SNCA,SNCA,GCST000772,20711177
rs356182,4e-11,SNCA,SNCA,GCST90320240,38014556
rs114762839,1e-10,GPRIN3 - SNCA,SNCA,GCST90308590,38155330
rs5019538,2e-10,SNCA,SNCA,GCST90269977,40998812
rs356220,1e-09,SNCA,SNCA,GCST002353,24511991
rs356182,2e-09,SNCA,SNCA,GCST009512,31660654
rs3796661,5e-09,SNCA,SNCA,GCST90296432,37805635
rs2619341,9e-09,SNCA,SNCA,GCST90707270,41810385
rs356220,3e-08,SNCA,SNCA,GCST000874,21084426
rs356182,5e-08,SNCA,SNCA,GCST90026456,34227697
rs6532194,5e-11,SNCA-AS1 - MMRN1,SNCA-AS1,GCST001445,22438815
rs3806789,9e-10,SNCA-AS1,SNCA-AS1,GCST012431,34064523
rs983361,6e-09,SNCA-AS1,SNCA-AS1,GCST012431,34064523
rs75614365,2e-08,SORBS2,SORBS2,GCST90709788,38849413
rs329648,1e-13,SPATA19 - IGSF9B,SPATA19,GCST004902,28892059
rs329648,1e-11,SPATA19 - IGSF9B,SPATA19,GCST002544,25064009
rs1311506805,4e-11,SPATA6,SPATA6,GCST90480008,39024449
rs55818311,4e-10,SPPL2B,SPPL2B,GCST009325,31701892
rs55818311,1e-09,SPPL2B,SPPL2B,GCST90308590,38155330
rs12185268,3e-14,"MAPT-AS1, SPPL2C",SPPL2C,GCST001126,21738487
rs180924818,6e-09,PLA2G10FP - SPRING1P3,SPRING1P3,GCST90624186,40299300
rs1450522,5e-10,SPTSSB,SPTSSB,GCST009325,31701892
rs1400463140,5e-08,IGBP1P1 - SRP54-AS1,SRP54-AS1,GCST90624186,40299300
rs8087969,1e-08,SMAD4 - SRSF10P1,SRSF10P1,GCST009325,31701892
rs12987123,3.9999999999999995e-42,STK39 - RN7SL813P,STK39,GCST90308590,38155330
rs1474055,3e-39,STK39 - RN7SL813P,STK39,GCST009325,31701892
rs1474055,6e-26,STK39 - RN7SL813P,STK39,GCST004902,28892059
rs1474055,1e-20,STK39 - RN7SL813P,STK39,GCST002544,25064009
rs13016703,3e-16,STK39 - RN7SL813P,STK39,GCST003984,27182965
rs4667572,4e-13,STK39 - RN7SL813P,STK39,GCST010991,32201043
rs9917256,8e-11,STK39 - RN7SL813P,STK39,GCST90455618,39080267
rs2102808,4e-10,STK39 - RN7SL813P,STK39,GCST000959,21292315
rs140820592,1e-08,STX1B,STX1B,GCST010991,32201043
rs246815,3e-12,"SV2C, SV2C-AS2",SV2C,GCST90308590,38155330
rs1995381,5e-11,SV2C,SV2C,GCST90828116,41810385
rs246814,6e-10,"SV2C, SV2C-AS2",SV2C,GCST010049,32310270
rs246815,3e-12,"SV2C, SV2C-AS2",SV2C-AS2,GCST90308590,38155330
rs246814,6e-10,"SV2C, SV2C-AS2",SV2C-AS2,GCST010049,32310270
rs144847051,4e-21,ASS1P14 - SYT10,SYT10,GCST003984,27182965
rs138895122,6e-12,ASS1P14 - SYT10,SYT10,GCST010991,32201043
rs10437796,5e-08,SYT10 - RNU6-400P,SYT10,GCST90709787,38849413
rs6497339,3e-11,SYT17,SYT17,GCST009325,31701892
rs11343,9e-11,SYT17,SYT17,GCST004902,28892059
rs11343,1e-08,SYT17,SYT17,GCST003984,27182965
rs75344947,9e-10,SYT4 - RNA5SP455,SYT4,GCST90308590,38155330
rs145274312,3e-09,TAC1 - ASNS,TAC1,GCST90709786,38849413
rs73038319,6e-13,TBC1D5,TBC1D5,GCST009325,31701892
rs13078687,9e-09,TBC1D5,TBC1D5,GCST010991,32201043
rs4073221,2e-08,TBC1D5,TBC1D5,GCST004902,28892059
rs1108439,2e-08,TBC1D5,TBC1D5,GCST90308590,38155330
rs4726467,8e-10,TBXAS1,TBXAS1,GCST90709787,38849413
rs187989831,8e-10,TEKT4 - MTCO1P48,TEKT4,GCST012431,34064523
rs188789342,3e-11,TIAL1 - RAD1P1,TIAL1,GCST003984,27182965
rs138073281,2e-08,TMEM108,TMEM108,GCST011823,33958783
rs57891859,5e-14,TMEM163,TMEM163,GCST009325,31701892
rs57891859,5e-12,TMEM163,TMEM163,GCST90308590,38155330
rs4954162,2e-08,TMEM163,TMEM163,GCST009325,31701892
rs34311866,5.000000000000001e-75,TMEM175,TMEM175,GCST90308590,38155330
rs34311866,1e-69,TMEM175,TMEM175,GCST009325,31701892
rs34311866,9.999999999999999e-51,TMEM175,TMEM175,GCST004902,28892059
rs34311866,1e-43,TMEM175,TMEM175,GCST002544,25064009
rs34311866,1e-12,TMEM175,TMEM175,GCST90455618,39080267
rs6599388,4e-12,TMEM175,TMEM175,GCST000959,21292315
rs34884217,1e-11,TMEM175,TMEM175,GCST010991,32201043
rs6599389,2e-11,TMEM175,TMEM175,GCST90892629,42336304
rs34311866,6e-11,TMEM175,TMEM175,GCST012431,34064523
rs34311866,1e-08,TMEM175,TMEM175,GCST007780,30957308
rs6599389,4e-08,TMEM175,TMEM175,GCST001126,21738487
rs1555399,7e-14,TMEM229B,TMEM229B,GCST002544,25064009
rs1555399,1e-10,TMEM229B,TMEM229B,GCST004902,28892059
rs117267308,9e-11,TPM1,TPM1,GCST003652,27402877
rs559557961,3e-11,LINC02034 - TPRA1,TPRA1,GCST90479727,39024449
rs9261484,2e-08,TRIM40,TRIM40,GCST009325,31701892
rs114525519,9e-60,TRIM46,TRIM46,GCST90428733,37842648
rs2395163,3e-11,TSBP1-AS1 - HLA-DRA,TSBP1-AS1,GCST001430,22451204
rs11950533,7e-09,C5orf24 - TXNDC15,TXNDC15,GCST009325,31701892
rs2178923,2e-13,TXNP1 - INPP5F,TXNP1,GCST90308590,38155330
rs6476434,1e-09,UBAP2,UBAP2,GCST90308590,38155330
rs6476434,7e-09,UBAP2,UBAP2,GCST009325,31701892
rs35603727,7e-10,UBQLN4,UBQLN4,GCST90892629,42336304
rs2269906,6e-10,"UBTF, ATXN7L3-AS1",UBTF,GCST009325,31701892
rs28648524,3e-08,"USP50, USP8",USP50,GCST90308590,38155330
rs28648524,3e-08,"USP50, USP8",USP8,GCST90308590,38155330
rs10903,2e-09,VAMP4,VAMP4,GCST90308590,38155330
rs11578699,4e-09,VAMP4 - METTL13,VAMP4,GCST009325,31701892
rs9461359,2e-09,VN1R10P - ZNF204P,VN1R10P,GCST90308590,38155330
rs8018800,4e-16,WDHD1,WDHD1,GCST90308590,38155330
rs137887044,2e-08,WDR41,WDR41,GCST012431,34064523
rs199515,3e-17,WNT3,WNT3,GCST001430,22451204
rs199501,8e-12,WNT3,WNT3,GCST012431,34064523
rs11658976,4e-08,WNT3,WNT3,GCST009325,31701892
rs8050111,2e-08,WWOX,WWOX,GCST011823,33958783
rs141421624,3e-08,XPO1,XPO1,GCST90709786,38849413
rs4421827,2e-14,RNU6-472P - Y_RNA,Y_RNA,GCST90308590,38155330
rs148534175,1e-08,MED13 - Y_RNA,Y_RNA,GCST010991,32201043
rs9461359,2e-09,VN1R10P - ZNF204P,ZNF204P,GCST90308590,38155330
rs2451713,5e-08,ZNF322 - GUSBP2,ZNF322,GCST90278092,37805635
rs6875262,3e-09,ZNF608 - LINC02240,ZNF608,GCST010991,32201043
rs6875262,1e-08,ZNF608 - LINC02240,ZNF608,GCST009325,31701892
