structure_id,structure_acronym,structure_name,number_of_donors,total_sample_count,parkinsons_expression_score,random_mean_score,random_standard_deviation,enrichment_z_score,empirical_p_value,fdr_q_value,significant_fdr_0_05,regional_rank,sensitivity_fdr_q_all_six,sensitivity_fdr_q_all_six_significant_0_05
4251,S,"subiculum, left",6,25,-0.071058206,-0.19703914,0.041187067,3.0587502,0.0007999200079992,0.1463853614638536,False,113,0.083991600839916,False
4257,CA4,"CA4 field, left",6,20,0.2886205,0.12014547,0.06524891,2.582036,0.005999400059994,0.2378762123787621,False,17,0.15013498650134985,False
4273,SIG,"short insular gyri, left",6,16,0.07501522,0.0029720142,0.029396294,2.450758,0.0072992700729927,0.2378762123787621,False,47,0.15013498650134985,False
4254,CA1,"CA1 field, left",6,24,-0.1010271,-0.25317007,0.063124135,2.4102187,0.0074992500749925,0.2378762123787621,False,127,0.15013498650134985,False
4379,LA,"lateral nucleus, left",6,11,0.1488319,0.04762634,0.043604024,2.3210144,0.0113988601139886,0.2378762123787621,False,34,0.15013498650134985,False
4440,LGd,"dorsal lateral geniculate nucleus, left",6,13,0.26594427,0.13445143,0.057271633,2.2959507,0.0114988501149885,0.2378762123787621,False,18,0.15013498650134985,False
4255,CA2,"CA2 field, left",6,19,-0.21117115,-0.3847813,0.07579011,2.2906704,0.0123987601239876,0.2378762123787621,False,145,0.15013498650134985,False
4245,PHG-cos,"parahippocampal gyrus, left, bank of the cos",6,20,-0.040387183,-0.10466231,0.028762473,2.2346869,0.0122987701229877,0.2378762123787621,False,99,0.15013498650134985,False
4329,ATZ,"amygdalohippocampal transition zone, left",6,7,-0.17602436,-0.29575613,0.053880427,2.2221756,0.0142985701429857,0.2378762123787621,False,138,0.15013498650134985,False
4160,FuG-cos,"fusiform gyrus, left, bank of cos",6,19,0.100490496,0.032479357,0.030981917,2.195188,0.0131986801319868,0.2378762123787621,False,42,0.15013498650134985,False
4367,COMA,"cortico-medial group, left",6,9,-0.13300708,-0.24517347,0.05308966,2.1127727,0.0175982401759824,0.2666304798091619,False,129,0.16475275549368137,False
4351,BMA,"basomedial nucleus, left",6,9,-0.008487754,-0.12379859,0.05652212,2.040101,0.0203979602039796,0.2666304798091619,False,85,0.16475275549368137,False
4158,FuG-its,"fusiform gyrus, left, bank of the its",6,20,0.0027318934,-0.05501156,0.028810678,2.004238,0.0202979702029797,0.2666304798091619,False,83,0.16475275549368137,False
4400,DTM,"medial group of nuclei, left",6,18,0.09845882,0.015594043,0.04389882,1.887631,0.0313968603139686,0.2935026497350264,False,43,0.20997900209979,False
4223,CgGf-s,"cingulate gyrus, frontal part, left, superior bank of gyrus",6,31,0.045934167,-0.0025002353,0.026046852,1.8595108,0.0333966603339666,0.2935026497350264,False,56,0.20997900209979,False
4149,ITG-its,"inferior temporal gyrus, left, bank of the its",6,33,0.021794908,-0.027385851,0.027192673,1.8086034,0.0338966103389661,0.2935026497350264,False,71,0.20997900209979,False
4256,CA3,"CA3 field, left",6,21,0.026487561,-0.109768845,0.07615839,1.7891189,0.0365963403659634,0.2935026497350264,False,65,0.20997900209979,False
4395,DTA,"anterior group of nuclei, left",6,19,0.06058074,-0.026421247,0.048692614,1.7867594,0.037996200379962,0.2935026497350264,False,50,0.20997900209979,False
4048,GRe,"gyrus rectus, left",6,20,-0.081794985,-0.13674973,0.030982839,1.7737156,0.0377962203779622,0.2935026497350264,False,119,0.20997900209979,False
4409,DTLd,"lateral group of nuclei, left, dorsal division",6,13,0.18183236,0.09512587,0.04917169,1.7633417,0.0400959904009599,0.2935026497350264,False,29,0.2105039496050395,False
9074,SNC,"substantia nigra, pars compacta, left",6,21,0.22623326,0.11923931,0.06238437,1.7150762,0.0422957704229577,0.297697153361587,False,26,0.21147885211478848,False
4024,SFG-l,"superior frontal gyrus, left, lateral bank of gyrus",6,40,-0.056218766,-0.10216206,0.026906947,1.7074883,0.0455954404559544,0.2979987715514163,False,103,0.217614602176146,False
4023,SFG-m,"superior frontal gyrus, left, medial bank of gyrus",6,43,0.04595051,0.0034158784,0.026185747,1.6243428,0.0544945505449455,0.343879405162932,False,55,0.24877946987909902,False
4270,LIG,"long insular gyri, left",6,17,-0.10054295,-0.14160416,0.026440883,1.5529438,0.0603939606039396,0.3649468386494684,False,126,0.25776732671560426,False
4244,PHG-l,"parahippocampal gyrus, left, lateral bank of gyrus",6,26,0.14622465,0.102497116,0.028618122,1.5279665,0.064993500649935,0.3649468386494684,False,35,0.25776732671560426,False
4151,ITG-mts,"inferior temporal gyrus, left, bank of mts",6,30,-0.009285551,-0.047623187,0.025524428,1.5019978,0.0675932406759324,0.3649468386494684,False,88,0.25776732671560426,False
4258,DG,"dentate gyrus, left",6,21,-0.039869443,-0.17887753,0.09302721,1.4942734,0.0702929707029297,0.3649468386494684,False,98,0.25776732671560426,False
4322,Cl,"claustrum, left",6,33,0.41397446,0.35060272,0.04290643,1.4769756,0.0687931206879312,0.3649468386494684,False,12,0.25776732671560426,False
4342,BLA,"basolateral nucleus, left",6,10,0.067029774,-0.012949214,0.054610997,1.4645216,0.0711928807119288,0.3649468386494684,False,48,0.25776732671560426,False
4051,MOrG,"medial orbital gyrus, left",6,21,-0.061118428,-0.100273885,0.02835653,1.3808268,0.0815918408159184,0.3929291281398176,False,106,0.2855714428557144,False
4079,fro,"frontal operculum, left",6,13,-0.0615031,-0.09844388,0.02732921,1.3516958,0.0884911508849115,0.4152277079984309,False,108,0.2997280917069583,False
4432,ILr,"rostral group of intralaminar nuclei, left",6,15,-0.06859124,-0.126525,0.04581482,1.2645202,0.1070892910708929,0.4779839089261805,False,111,0.3407386534073865,False
4114,AnG-i,"angular gyrus, left, inferior bank of gyrus",6,18,0.056639288,0.020640343,0.028491579,1.2634941,0.1023897610238976,0.4684331566843316,False,52,0.335966403359664,False
4030,MFG-s,"middle frontal gyrus, left, superior bank of gyrus",6,33,-0.113784544,-0.14347444,0.026483456,1.1210735,0.1313868613138686,0.546449900464499,False,128,0.40575354229282945,False
4014,PrG-il,"precentral gyrus, left, inferior lateral aspect of gyrus",6,18,-0.13868162,-0.17005032,0.029754369,1.0542554,0.1475852414758524,0.5733426657334266,False,130,0.4225187237373823,False
9561,IO,"inferior olivary complex, left",6,21,0.26178274,0.19141111,0.06700605,1.050228,0.1465853414658534,0.5733426657334266,False,20,0.4225187237373823,False
9520,Arc,"arcuate nucleus of medulla, left",6,18,-0.17426322,-0.23560278,0.059422914,1.0322543,0.1503849615038496,0.5733426657334266,False,137,0.4225187237373823,False
4012,PrG-prc,"precentral gyrus, left, bank of the precentral sulcus",6,11,0.010850679,-0.016114246,0.026542012,1.0159338,0.1587841215878412,0.5806150154215348,False,76,0.4225187237373823,False
4099,SPL-i,"superior parietal lobule, left, inferior bank of gyrus",6,23,0.023652552,-0.00449679,0.02826093,0.99605155,0.1610838916108389,0.5806150154215348,False,67,0.4225187237373823,False
4142,MTG-s,"middle temporal gyrus, left, superior bank of gyrus",6,36,0.04338573,0.017345231,0.026505025,0.982474,0.1648835116488351,0.5806150154215348,False,59,0.4225187237373823,False
4106,SMG-s,"supramarginal gyrus, left, superior bank of gyrus",6,16,0.12491011,0.09407246,0.03143421,0.98102194,0.164983501649835,0.5806150154215348,False,38,0.4225187237373823,False
4437,ILc,"caudal group of intralaminar nuclei, left",6,7,0.7228974,0.6775052,0.049101725,0.92445254,0.1781821817818218,0.6152328163410075,False,2,0.4454554544545545,False
4135,STG-l,"superior temporal gyrus, left, lateral bank of gyrus",6,27,0.033331815,0.008407606,0.030432362,0.81900346,0.2060793920607939,0.6640064807078614,False,62,0.47826068456984083,False
4120,Pcu-s,"precuneus, left, superior lateral bank of gyrus",6,20,0.02258037,-0.0013257832,0.029685901,0.8053032,0.2125787421257874,0.6640064807078614,False,69,0.47826068456984083,False
4045,orIFG,"inferior frontal gyrus, orbital part, left",6,18,0.044691797,0.021083137,0.029416429,0.8025672,0.2062793720627937,0.6640064807078614,False,58,0.47826068456984083,False
4542,PrOR,"preoptic region, left",6,6,-0.16806142,-0.21098648,0.054122057,0.79311585,0.2092790720927907,0.6640064807078614,False,136,0.47826068456984083,False
4143,MTG-i,"middle temporal gyrus, left, inferior bank of gyrus",6,41,0.015272307,-0.005205261,0.025856247,0.7919776,0.2140785921407859,0.6640064807078614,False,73,0.47826068456984083,False
4121,Pcu-i,"precuneus, left, inferior lateral bank of gyrus",6,22,-0.057805106,-0.0770932,0.028128136,0.6857224,0.245975402459754,0.6940597606905976,False,105,0.5380711928807119,False
4178,PLP,"planum polare, left",6,18,0.0034504945,-0.013609,0.027351191,0.62372035,0.2651734826517348,0.6940597606905976,False,82,0.5513967833985831,False
4136,STG-i,"superior temporal gyrus, left, inferior bank of gyrus",6,28,-0.08297628,-0.09980519,0.026987009,0.623593,0.2676732326767323,0.6940597606905976,False,120,0.5513967833985831,False
4031,MFG-i,"middle frontal gyrus, left, inferior bank of gyrus",6,30,-0.07987378,-0.0970224,0.028039157,0.61159545,0.2706729327067293,0.6940597606905976,False,117,0.5513967833985831,False
4679,PHA,"posterior hypothalamic area, left",6,7,-0.27808213,-0.31061685,0.05366846,0.6062167,0.2730726927307269,0.6940597606905976,False,161,0.5513967833985831,False
4166,HG,"Heschl's gyrus, left",6,11,-0.093163654,-0.10805614,0.026219951,0.5679831,0.2851714828517148,0.7025107615820697,False,123,0.5649623716873595,False
4417,DTLv,"lateral group of nuclei, left, ventral division",6,20,0.44032392,0.41421217,0.050306983,0.5190483,0.3030696930306969,0.7025107615820697,False,10,0.5789693757896937,False
4186,Cun-pest,"cuneus, left, peristriate",6,19,-0.06986784,-0.0861311,0.031404518,0.51786375,0.3032696730326967,0.7025107615820697,False,112,0.5789693757896937,False
4224,CgGf-i,"cingulate gyrus, frontal part, left, inferior bank of gyrus",6,35,0.048435878,0.03563756,0.027348233,0.467976,0.318968103189681,0.7055687288414015,False,54,0.5930985848783542,False
4201,OTG-i,"occipito-temporal gyrus, left, inferior bank of gyrus",6,14,-0.011594863,-0.024644824,0.027888117,0.46793982,0.321967803219678,0.7055687288414015,False,90,0.5930985848783542,False
4060,LOrG,"lateral orbital gyrus, left",6,15,-0.08052686,-0.090368494,0.024839591,0.39620763,0.3446655334466553,0.7249861220774475,False,118,0.6239634657223931,False
4150,ITG-l,"inferior temporal gyrus, left, lateral bank of gyrus",6,24,-0.079049096,-0.08949255,0.028802773,0.3625851,0.358964103589641,0.7298936772989368,False,116,0.6388344216425814,False
4360,CeA,"central nucleus, left",6,8,-0.17700298,-0.19315773,0.05285925,0.30561826,0.3760623937606239,0.7416598765655349,False,139,0.64955799502017,False
4782,Dt,"dentate nucleus, left",6,13,0.18522592,0.1657945,0.06497831,0.2990446,0.3773622637736226,0.7416598765655349,False,28,0.64955799502017,False
9492,Pn,"pontine nuclei, left",6,35,0.027815772,0.010458876,0.059241693,0.29298446,0.3890610938906109,0.7494545282313874,False,64,0.6588937880405507,False
4214,SOG-s,"superior occipital gyrus, left, superior bank of gyrus",6,13,-0.0420787,-0.045876663,0.026763896,0.14190622,0.4413558644135586,0.8241645223232777,False,100,0.7355931073559311,False
9677,Sp5,"spinal trigeminal nucleus, left",6,35,0.2388567,0.2341857,0.050798338,0.091951974,0.4582541745825417,0.8386051394860513,False,24,0.7518232551744825,False
4230,CgGp-s,"cingulate gyrus, parietal part, left, superior bank of gyrus",6,18,-0.028736679,-0.02895143,0.02758407,0.007785356,0.4970502949705029,0.8831087765009907,False,95,0.8029273995677354,False
9067,VTA,"ventral tegmental area, left",6,13,0.13311832,0.13388781,0.050771274,-0.015156128,0.5082491750824918,0.8858057051437714,False,36,0.8085782330857824,False
9614,LMRt,"lateral medullary reticular group, left",6,13,0.23191805,0.23600544,0.061882522,-0.066050775,0.5222477752224778,0.901616442129372,False,25,0.8184480059456742,False
4098,SPL-s,"superior parietal lobule, left, superior bank of gyrus",6,19,0.045453206,0.047917806,0.027517226,-0.08956571,0.5355464453554645,0.902432484024325,False,57,0.8247001386817839,False
4013,PrG-sl,"precentral gyrus, left, superior lateral aspect of gyrus",6,19,0.015036281,0.018635403,0.030075105,-0.11967114,0.541945805419458,0.902432484024325,False,74,0.8247001386817839,False
4200,OTG-s,"occipito-temporal gyrus, left, superior bank of gyrus",6,17,-0.062218104,-0.057189167,0.025879726,-0.19431956,0.5740425957404259,0.937944598397303,False,109,0.861063893610639,False
4113,AnG-s,"angular gyrus, left, superior bank of gyrus",6,17,0.057627067,0.06404537,0.027791198,-0.23094732,0.5912408759124088,0.9500602571321816,False,51,0.8743703094479285,False
9642,RaM,raphe nuclei of medulla,6,16,0.03822774,0.05698951,0.055545732,-0.33777156,0.6298370162983702,0.9894968130305613,False,61,0.916572726289015,False
4107,SMG-i,"supramarginal gyrus, left, inferior bank of gyrus",6,17,0.009501418,0.019609056,0.029104086,-0.34729275,0.6372362763723628,0.9894968130305613,False,77,0.916572726289015,False
4074,PCLa-i,"paracentral lobule, anterior part, left, inferior bank of gyrus",6,12,-0.09123738,-0.07900852,0.02731884,-0.44763473,0.6748325167483251,0.9922007799220078,False,122,0.9575326251158667,False
13005,LHM,"lateral hypothalamic area, mammillary region, left",6,6,-0.057120107,-0.030422308,0.052131582,-0.51212335,0.6941305869413059,0.9922007799220078,False,104,0.9717828217178283,False
9161,PRF,"pontine reticular formation, left",6,16,0.110703975,0.13645126,0.046680853,-0.55155987,0.708029197080292,0.9922007799220078,False,39,0.9727681078046041,False
4518,Sb,"subthalamic nucleus, left",6,11,0.6913254,0.72338897,0.056189824,-0.570629,0.7216278372162783,0.9922007799220078,False,3,0.9727681078046041,False
4039,trIFG,"inferior frontal gyrus, triangular part, left",6,15,-0.14029731,-0.123548776,0.028716195,-0.5832434,0.7226277372262774,0.9922007799220078,False,131,0.9727681078046041,False
4291,Acb,"nucleus accumbens, left",6,13,-0.2306001,-0.19292326,0.052848767,-0.71291804,0.7623237676232377,0.9922007799220078,False,149,0.9908009199080092,False
9054,RN,"red nucleus, left",6,11,0.3887707,0.43009678,0.057787962,-0.71513295,0.7624237576242375,0.9922007799220078,False,15,0.9908009199080092,False
9698,8Ve,"vestibular nuclei, left",6,18,0.48700082,0.5290547,0.051943924,-0.8096015,0.7937206279372063,0.9922007799220078,False,7,0.9908009199080092,False
9598,GiRt,"gigantocellular group, left",6,19,0.3949629,0.4374376,0.04876701,-0.8709717,0.8048195180481952,0.9922007799220078,False,14,0.9908009199080092,False
9543,Cu,"cuneate nucleus, left",6,16,0.5079094,0.5734693,0.06999591,-0.9366242,0.8282171782821718,0.9922007799220078,False,5,0.9908009199080092,False
9075,SNR,"substantia nigra, pars reticulata, left",6,16,0.4211469,0.48598182,0.0684959,-0.94655186,0.8297170282971703,0.9922007799220078,False,11,0.9908009199080092,False
4088,PoG-sl,"postcentral gyrus, left, superior lateral aspect of gyrus",6,21,0.060873616,0.09271522,0.03268226,-0.9742779,0.8313168683131686,0.9922007799220078,False,49,0.9908009199080092,False
4281,TCd,"tail of caudate nucleus, left",6,15,-0.24861676,-0.18572637,0.058759414,-1.0703031,0.8577142285771423,0.9922007799220078,False,152,0.9908009199080092,False
4194,LiG-str,"lingual gyrus, left, striate",6,25,-0.07407796,-0.032982238,0.03674333,-1.1184537,0.8672132786721328,0.9922007799220078,False,115,0.9908009199080092,False
4193,LiG-pest,"lingual gyrus, left, peristriate",6,29,0.01442835,0.04813542,0.028618084,-1.177824,0.8808119188081192,0.9922007799220078,False,75,0.9908009199080092,False
4723,PV-Crus I,"Crus I, left, paravermis",6,11,-0.35294378,-0.25430763,0.08141939,-1.2114577,0.8867113288671132,0.9922007799220078,False,172,0.9908009199080092,False
4741,He-VIIB,"VIIB, left, lateral hemisphere",6,15,-0.3128075,-0.20907998,0.08503533,-1.2198167,0.887011298870113,0.9922007799220078,False,164,0.9908009199080092,False
4740,He-Crus II,"Crus II, left, lateral hemisphere",6,17,-0.3682254,-0.26418445,0.0849314,-1.2249998,0.8872112788721128,0.9922007799220078,False,177,0.9908009199080092,False
4739,He-Crus I,"Crus I, left, lateral hemisphere",6,19,-0.35048753,-0.23762852,0.082874745,-1.3618022,0.911908809119088,0.9922007799220078,False,171,0.9908009199080092,False
4087,PoG-cs,"postcentral gyrus, left, bank of the central sulcus",6,18,-0.08587826,-0.04437012,0.028633459,-1.4496378,0.925907409259074,0.9922007799220078,False,121,0.9908009199080092,False
4725,PV-VIIB,"VIIB, left, paravermis",6,11,-0.36654645,-0.24853687,0.08062566,-1.4636728,0.929007099290071,0.9922007799220078,False,176,0.9908009199080092,False
4738,He-VI,"VI, left, lateral hemisphere",6,15,-0.2265149,-0.10659019,0.08178777,-1.4662915,0.9287071292870712,0.9922007799220078,False,148,0.9908009199080092,False
4722,PV-VI,"VI, left, paravermis",6,11,-0.32861087,-0.20831226,0.08142212,-1.4774684,0.932106789321068,0.9922007799220078,False,168,0.9908009199080092,False
4720,PV-V,"V, left, paravermis",6,11,-0.34013736,-0.21860969,0.07964175,-1.5259292,0.9355064493550644,0.9922007799220078,False,169,0.9908009199080092,False
4280,HCd,"head of caudate nucleus, left",6,22,-0.15572637,-0.076700404,0.051685,-1.5289923,0.937006299370063,0.9922007799220078,False,133,0.9908009199080092,False
4187,Cun-str,"cuneus, left, striate",6,16,-0.098621376,-0.043094203,0.035702012,-1.5552953,0.9411058894110588,0.9922007799220078,False,125,0.9908009199080092,False
4282,BCd,"body of caudate nucleus, left",6,25,-0.16302851,-0.06852041,0.0534263,-1.7689433,0.962003799620038,0.9922007799220078,False,134,0.9908009199080092,False
4506,R,"reticular nucleus of thalamus, left",6,15,0.49288937,0.61869925,0.06689326,-1.8807558,0.9691030896910308,0.9922007799220078,False,6,0.9908009199080092,False
4507,ZI,"zona incerta, left",6,10,0.77400917,0.88360274,0.056687556,-1.9332914,0.971002899710029,0.9922007799220078,False,1,0.9908009199080092,False
4288,Pu,"putamen, left",6,48,-0.034138218,0.06716495,0.051953945,-1.9498647,0.9733026697330268,0.9922007799220078,False,97,0.9908009199080092,False
9222,cc,corpus callosum,6,13,-0.14404486,0.12805472,0.12174656,-2.2349672,0.9851014898510148,0.9922007799220078,False,132,0.9908009199080092,False
4296,GPi,"globus pallidus, internal segment, left",6,11,0.33259723,0.50925547,0.075317115,-2.345526,0.9908009199080092,0.9922007799220078,False,16,0.9908009199080092,False
